customer_id,name,city,segment,age,signup_date
C001,Lina Chen,Leeds,Consumer,22,2024-01-06
C002,Kofi Silva,Bristol,Student,55,2023-06-27
C003,Lina Novak,London,Student,55,2025-07-08
C004,Yuki Haddad,Bristol,Consumer,51,2025-04-05
C005,Kofi Brown,Manchester,Consumer,25,2023-08-15
C006,Lina Nguyen,Manchester,Business,61,2023-01-13
C007,Fatima Brown,Manchester,Consumer,42,2024-08-17
C008,Mateo Brown,London,Consumer,66,2025-05-24
C009,Sara Wilson,Leeds,Consumer,42,2025-08-04
C010,Amara Cohen,Manchester,Student,18,2023-11-16
C011,Chloe Tanaka,Manchester,Consumer,23,2024-12-01
C012,Diego Müller,Manchester,Business,50,2023-07-08
C013,Omar Lopez,Leeds,Business,19,2024-01-08
C014,Zara Brown,Manchester,Consumer,19,2024-11-06
C015,Hugo Brown,London,Business,63,2024-06-03
C016,Felix Silva,Manchester,Consumer,27,2025-06-23
C017,Diego Ali,London,Consumer,54,2024-12-31
C018,Nia Kim,Leeds,Consumer,27,2025-02-13
C019,Grace Ali,Glasgow,Business,33,2023-06-10
C020,Noah Mensah,London,Consumer,68,2023-10-09
C021,Noah Novak,Manchester,Consumer,36,2023-01-13
C022,Lina Haddad,Manchester,Business,42,2024-07-18
C023,Hana Larsen,Cardiff,Consumer,31,2025-07-31
C024,Aisha Wilson,Leeds,Business,21,2024-06-30
C025,Amara Mensah,London,Business,56,2025-03-25
C026,Leo Garcia,Leeds,Consumer,25,2025-02-05
C027,Zara Patel,Leeds,Student,36,2024-09-20
C028,Sara Silva,Bristol,Consumer,47,2024-10-30
C029,Tom Garcia,London,Consumer,39,2023-03-25
C030,Hugo Cohen,London,Consumer,69,2024-10-21
C031,Ben Larsen,Manchester,Consumer,62,2023-11-10
C032,Priya Garcia,Bristol,Business,31,2024-04-18
C033,Zara Cohen,Cardiff,Business,45,2025-01-15
C034,Fatima Larsen,London,Business,54,2024-12-18
C035,Hugo Singh,Manchester,Business,49,2024-08-27
C036,Grace Brown,London,Consumer,37,2025-08-21
C037,Aisha Okafor,London,Consumer,50,2023-04-11
C038,Felix Müller,Cardiff,Consumer,20,2024-08-08
C039,Yuki Müller,Bristol,Consumer,30,2025-02-28
C040,Ethan Brown,London,Business,63,2024-07-08
C041,Omar Müller,Bristol,Consumer,19,2023-02-13
C042,Ravi Ali,London,Consumer,53,2024-04-10
C043,Arjun Okafor,Manchester,Business,53,2025-08-15
C044,Liam Mensah,London,Student,32,2023-06-17
C045,Yuki Wilson,London,Business,27,2024-12-19
C046,Aisha Singh,Cardiff,Consumer,59,2024-09-20
C047,Leo Lopez,London,Business,39,2023-11-18
C048,Ravi Chen,Leeds,Consumer,56,2024-07-31
C049,Grace Novak,Manchester,Student,48,2023-06-27
C050,Lina Kim,Manchester,Business,55,2024-10-14
C051,Ava Okafor,Bristol,Business,52,2025-02-09
C052,Ravi Patel,London,Student,28,2025-05-29
C053,Mateo Okafor,Leeds,Consumer,54,2024-02-21
C054,Jonas Smith,London,Consumer,38,2025-07-08
C055,Fatima Cohen,London,Consumer,50,2024-05-07
C056,Mei Novak,Leeds,Consumer,38,2023-11-07
C057,Grace Cohen,Cardiff,Business,34,2025-06-06
C058,Kofi Smith,London,Student,46,2024-07-23
C059,Kofi Rossi,Manchester,Consumer,56,2024-11-09
C060,Jonas Khan,Manchester,Business,18,2025-08-04
C061,Victor Ali,Manchester,Consumer,36,2023-01-25
C062,Mei Rossi,London,Consumer,30,2023-08-23
C063,Liam Chen,London,Student,29,2024-09-14
C064,Victor Lopez,Manchester,Student,42,2025-09-03
C065,Chloe Cohen,Cardiff,Consumer,30,2024-03-15
C066,Diego Wilson,Leeds,Consumer,58,2024-05-29
C067,Lucas Smith,Glasgow,Consumer,22,2023-02-16
C068,Priya Mensah,Cardiff,Business,23,2024-03-07
C069,Hana Haddad,London,Consumer,66,2023-11-27
C070,Diego Lopez,London,Consumer,54,2024-11-28
C071,Omar Larsen,Glasgow,Business,32,2025-09-10
C072,Mateo Nguyen,Bristol,Consumer,42,2023-12-20
C073,Mateo Mensah,Manchester,Business,59,2024-05-12
C074,Ethan Garcia,Leeds,Business,66,2025-01-12
C075,Leo Silva,London,Consumer,43,2023-07-09
C076,Yuki Silva,Leeds,Consumer,64,2024-04-04
C077,Priya Patel,London,Business,68,2024-05-26
C078,Leo Larsen,Glasgow,Consumer,20,2024-02-04
C079,Amara Nguyen,London,Consumer,37,2025-04-21
C080,Nia Singh,Manchester,Business,53,2024-06-01
C081,Noah Lopez,Manchester,Consumer,26,2025-06-11
C082,Chloe Wilson,Manchester,Student,34,2024-02-03
C083,Ravi Tanaka,Bristol,Consumer,62,2025-04-07
C084,Ben Rossi,Cardiff,Student,38,2025-06-19
C085,Diego Larsen,London,Business,30,2025-01-11
C086,Hana Okafor,London,Business,57,2023-05-30
C087,Amara Lopez,London,Consumer,43,2023-01-25
C088,Aisha Novak,London,Consumer,35,2023-10-14
C089,Ravi Novak,London,Business,61,2025-02-21
C090,Chloe Mensah,Manchester,Student,40,2023-04-04
C091,Mateo Ali,London,Consumer,34,2023-04-04
C092,Sara Singh,Manchester,Student,65,2023-05-25
C093,Aisha Larsen,Manchester,Consumer,62,2024-10-19
C094,Sofia Smith,Leeds,Consumer,24,2023-02-18
C095,Sofia Brown,Manchester,Consumer,31,2025-07-19
C096,Ravi Haddad,London,Business,20,2024-01-05
C097,Maya Khan,Leeds,Business,25,2023-10-11
C098,Arjun Singh,Leeds,Business,63,2023-08-07
C099,Isla Müller,Manchester,Consumer,46,2023-02-24
C100,Arjun Novak,Manchester,Business,51,2023-03-16
C101,Zara Lopez,London,Student,24,2025-06-25
C102,Arjun Tanaka,Manchester,Consumer,65,2025-01-31
C103,Sara Patel,Leeds,Consumer,23,2024-03-27
C104,Tom Haddad,Glasgow,Consumer,65,2023-08-21
C105,Hana Silva,London,Student,27,2025-05-30
C106,Elena Haddad,London,Consumer,19,2025-07-21
C107,Fatima Garcia,London,Business,18,2023-10-29
C108,Aisha Brown,Bristol,Consumer,49,2025-03-23
C109,Noah Rossi,London,Consumer,19,2025-01-25
C110,Felix Okafor,Leeds,Business,36,2025-08-21
C111,Ethan Patel,London,Business,35,2023-11-27
C112,Ravi Larsen,Bristol,Consumer,63,2023-04-06
C113,Jonas Singh,Leeds,Student,19,2024-06-01
C114,Chloe Müller,London,Consumer,29,2024-11-15
C115,Omar Khan,Manchester,Business,58,2023-07-14
C116,Elena Larsen,Manchester,Business,25,2025-04-07
C117,Hugo Larsen,London,Business,22,2023-08-19
C118,Lucas Khan,London,Consumer,60,2023-03-17
C119,Liam Ali,London,Consumer,51,2025-04-18
C120,Ava Garcia,Leeds,Consumer,28,2025-01-27
