customer_id,contract,plan,tenure_months,monthly_charge,support_calls,age,data_gb,churned
1001,month-to-month,premium,32,67.7,2,71.0,18.8,0
1002,one-year,basic,59,21.33,2,47.0,19.7,0
1003,month-to-month,standard,10,46.95,2,31.0,17.9,0
1004,month-to-month,standard,47,51.19,0,78.0,14.6,0
1005,month-to-month,standard,46,58.52,0,34.0,13.8,1
1006,two-year,basic,67,18.1,1,77.0,24.0,0
1007,two-year,premium,31,70.11,1,24.0,16.0,0
1008,month-to-month,basic,38,21.89,0,51.0,14.5,0
1009,one-year,premium,30,63.43,0,76.0,21.9,0
1010,month-to-month,basic,40,20.62,2,37.0,9.1,1
1011,two-year,standard,19,57.44,1,60.0,7.7,0
1012,two-year,basic,55,30.73,1,52.0,2.8,0
1013,one-year,basic,10,31.14,1,42.0,15.0,0
1014,one-year,premium,18,79.49,3,32.0,21.2,0
1015,one-year,basic,26,33.19,1,60.0,23.7,0
1016,two-year,standard,11,55.12,0,23.0,18.8,0
1017,month-to-month,standard,14,65.9,2,78.0,25.1,1
1018,month-to-month,basic,35,34.89,1,60.0,11.1,0
1019,month-to-month,standard,35,32.12,0,71.0,22.7,0
1020,month-to-month,premium,41,79.15,3,26.0,24.8,1
1021,one-year,standard,55,59.07,4,20.0,18.1,1
1022,month-to-month,premium,13,78.63,3,31.0,9.3,1
1023,one-year,basic,45,25.61,2,18.0,16.6,0
1024,month-to-month,standard,8,44.47,0,76.0,12.9,0
1025,month-to-month,basic,33,30.33,2,72.0,2.1,0
1026,month-to-month,basic,1,34.96,1,19.0,43.4,1
1027,month-to-month,standard,2,58.36,4,56.0,9.0,1
1028,one-year,basic,51,18.0,3,64.0,17.8,0
1029,month-to-month,premium,35,77.45,0,57.0,18.4,0
1030,month-to-month,standard,15,61.36,2,32.0,11.4,0
1031,month-to-month,basic,36,35.63,0,73.0,11.2,0
1032,two-year,standard,23,70.63,5,54.0,7.9,1
1033,two-year,basic,41,24.9,3,68.0,13.0,0
1034,one-year,standard,47,43.14,2,33.0,3.1,0
1035,month-to-month,premium,10,81.46,0,,25.7,0
1036,two-year,premium,27,86.01,1,48.0,24.7,0
1037,one-year,basic,22,22.61,2,42.0,18.4,0
1038,month-to-month,basic,33,30.35,2,51.0,3.4,0
1039,two-year,standard,16,53.74,0,54.0,16.2,0
1040,month-to-month,basic,30,33.07,1,71.0,18.8,0
1041,one-year,premium,46,84.19,2,39.0,23.7,0
1042,month-to-month,standard,12,69.15,1,24.0,9.9,1
1043,month-to-month,standard,18,47.83,2,43.0,38.3,0
1044,one-year,standard,3,49.73,0,62.0,35.9,0
1045,month-to-month,premium,26,64.05,2,47.0,6.6,1
1046,month-to-month,standard,25,57.68,2,56.0,6.5,1
1047,one-year,standard,42,43.78,0,50.0,53.1,0
1048,month-to-month,basic,26,30.92,3,60.0,16.9,0
1049,one-year,premium,52,78.38,1,65.0,12.7,0
1050,one-year,premium,51,84.71,1,76.0,17.2,0
1051,one-year,basic,7,29.62,0,64.0,7.9,0
1052,month-to-month,basic,29,26.45,1,63.0,7.5,0
1053,month-to-month,premium,33,70.34,0,70.0,17.7,1
1054,month-to-month,standard,23,59.15,2,50.0,10.8,0
1055,month-to-month,basic,14,27.49,1,27.0,14.7,0
1056,one-year,basic,10,30.41,1,21.0,26.8,1
1057,one-year,standard,46,57.54,1,40.0,7.6,0
1058,month-to-month,standard,1,61.44,3,47.0,5.8,1
1059,month-to-month,basic,26,38.41,2,75.0,7.3,0
1060,two-year,standard,72,41.75,5,77.0,25.0,0
1061,one-year,premium,44,67.07,2,53.0,16.0,0
1062,month-to-month,premium,8,77.6,2,,7.8,1
1063,month-to-month,standard,41,56.18,0,68.0,21.8,0
1064,month-to-month,premium,32,77.0,0,44.0,31.1,0
1065,two-year,standard,57,61.49,1,66.0,23.6,0
1066,two-year,premium,20,86.2,1,56.0,8.9,0
1067,month-to-month,basic,46,29.45,0,32.0,46.1,0
1068,month-to-month,basic,33,31.31,2,68.0,10.0,0
1069,one-year,basic,15,37.91,0,77.0,12.6,0
1070,month-to-month,standard,17,58.32,1,68.0,6.9,0
1071,one-year,basic,11,22.7,2,42.0,32.0,1
1072,month-to-month,premium,1,65.58,4,30.0,17.8,1
1073,one-year,basic,5,18.0,2,57.0,26.6,1
1074,two-year,premium,11,74.88,2,28.0,7.6,0
1075,two-year,basic,63,25.68,2,52.0,2.6,0
1076,one-year,basic,37,25.02,5,57.0,22.4,0
1077,month-to-month,basic,22,18.8,1,78.0,26.0,1
1078,two-year,basic,38,29.55,1,76.0,23.2,0
1079,month-to-month,basic,46,18.98,0,32.0,6.7,0
1080,month-to-month,basic,19,21.45,2,22.0,32.3,1
1081,month-to-month,premium,20,72.33,3,53.0,21.8,1
1082,one-year,standard,11,55.26,1,51.0,17.2,0
1083,month-to-month,standard,8,52.14,0,75.0,10.1,0
1084,month-to-month,basic,2,34.86,0,76.0,9.1,0
1085,month-to-month,basic,27,29.41,1,24.0,26.0,1
1086,one-year,standard,35,48.84,1,48.0,25.2,0
1087,month-to-month,basic,26,27.53,2,78.0,18.2,1
1088,one-year,basic,45,23.4,1,27.0,10.3,0
1089,one-year,basic,9,30.08,2,24.0,25.9,1
1090,two-year,standard,42,60.33,5,44.0,53.0,1
1091,two-year,premium,69,80.15,0,,16.3,0
1092,month-to-month,basic,30,35.02,2,23.0,18.8,0
1093,two-year,basic,56,32.55,0,59.0,20.0,0
1094,two-year,basic,37,31.49,1,69.0,13.3,0
1095,one-year,basic,7,30.57,0,34.0,18.8,0
1096,one-year,basic,60,22.17,3,46.0,10.5,0
1097,one-year,premium,21,66.85,2,55.0,13.4,0
1098,two-year,basic,13,23.09,3,59.0,28.0,0
1099,month-to-month,premium,28,81.49,0,70.0,29.8,0
1100,one-year,basic,8,25.35,2,32.0,37.7,1
1101,two-year,standard,27,56.33,0,37.0,10.0,0
1102,month-to-month,standard,27,43.71,0,,10.6,1
1103,one-year,basic,1,27.88,1,63.0,10.4,0
1104,month-to-month,premium,43,67.9,2,39.0,16.6,0
1105,one-year,standard,15,56.73,4,,4.7,0
1106,month-to-month,standard,28,65.81,2,61.0,10.7,0
1107,one-year,basic,41,21.05,0,27.0,10.2,0
1108,two-year,basic,30,31.92,0,42.0,21.4,0
1109,one-year,standard,55,45.99,1,78.0,15.5,0
1110,month-to-month,basic,38,34.9,1,72.0,8.2,0
1111,one-year,premium,40,86.76,0,53.0,23.1,1
1112,month-to-month,premium,29,71.16,5,61.0,26.6,1
1113,one-year,standard,48,59.0,1,29.0,16.2,0
1114,month-to-month,standard,5,51.09,2,23.0,22.8,1
1115,month-to-month,standard,43,46.77,3,76.0,13.9,0
1116,month-to-month,basic,16,27.18,0,65.0,25.0,0
1117,month-to-month,basic,3,38.23,1,31.0,18.5,1
1118,one-year,standard,22,55.0,1,36.0,11.6,0
1119,month-to-month,standard,17,51.44,0,48.0,24.7,0
1120,one-year,standard,60,50.8,2,30.0,7.4,0
1121,one-year,standard,18,47.6,1,44.0,28.4,1
1122,two-year,basic,25,34.66,0,53.0,14.7,0
1123,month-to-month,premium,40,90.37,2,71.0,25.3,0
1124,month-to-month,basic,39,28.85,3,45.0,6.3,1
1125,month-to-month,basic,23,22.64,0,,13.9,0
1126,month-to-month,basic,42,32.77,1,41.0,17.9,0
1127,one-year,standard,1,55.87,2,78.0,10.3,1
1128,two-year,premium,53,82.76,2,,12.3,0
1129,month-to-month,standard,4,43.41,1,32.0,34.8,0
1130,one-year,standard,11,54.15,0,68.0,13.8,1
1131,two-year,premium,70,68.98,0,71.0,41.4,0
1132,one-year,premium,60,84.89,1,27.0,31.8,0
1133,one-year,standard,39,57.46,2,53.0,15.3,0
1134,two-year,standard,33,50.7,1,21.0,17.6,0
1135,month-to-month,premium,42,66.36,2,23.0,13.6,0
1136,one-year,basic,25,43.68,1,47.0,15.4,0
1137,one-year,standard,34,51.0,0,60.0,12.1,0
1138,two-year,standard,8,58.54,2,23.0,8.4,0
1139,month-to-month,standard,25,38.33,2,,11.1,0
1140,one-year,basic,9,31.01,1,60.0,47.5,1
1141,one-year,basic,20,35.61,2,69.0,13.6,0
1142,month-to-month,premium,12,59.58,3,42.0,17.6,0
1143,month-to-month,premium,36,77.01,5,37.0,10.9,1
1144,month-to-month,basic,32,39.15,0,35.0,19.6,0
1145,two-year,standard,61,41.52,1,21.0,25.8,0
1146,month-to-month,standard,43,51.12,1,26.0,9.8,0
1147,month-to-month,standard,6,49.55,1,68.0,23.4,1
1148,month-to-month,basic,48,25.54,1,73.0,2.3,0
1149,month-to-month,basic,41,25.57,0,39.0,13.5,0
1150,month-to-month,standard,17,45.62,0,68.0,11.1,0
1151,two-year,standard,42,46.53,3,38.0,8.2,0
1152,month-to-month,standard,4,51.56,1,26.0,8.3,1
1153,one-year,standard,13,52.56,1,40.0,30.5,0
1154,month-to-month,premium,16,65.49,1,74.0,31.9,0
1155,one-year,standard,31,47.72,0,67.0,5.0,0
1156,month-to-month,basic,5,30.71,4,70.0,51.0,1
1157,two-year,basic,72,38.51,4,75.0,23.3,0
1158,month-to-month,standard,44,60.59,1,,30.3,1
1159,month-to-month,basic,19,29.8,0,34.0,9.6,0
1160,one-year,standard,50,52.81,1,69.0,20.7,0
1161,one-year,basic,31,19.94,4,41.0,23.5,1
1162,month-to-month,basic,12,30.53,3,59.0,6.8,1
1163,month-to-month,basic,27,18.0,0,72.0,10.1,0
1164,two-year,basic,10,27.26,0,37.0,23.6,0
1165,month-to-month,basic,31,20.71,3,40.0,16.6,0
1166,month-to-month,premium,41,69.59,3,45.0,23.7,1
1167,two-year,basic,4,30.96,3,59.0,39.0,0
1168,month-to-month,premium,5,76.44,2,62.0,11.1,1
1169,month-to-month,basic,13,38.88,2,45.0,11.9,1
1170,month-to-month,standard,8,53.53,2,20.0,10.4,1
1171,month-to-month,standard,5,48.35,0,35.0,13.4,1
1172,month-to-month,standard,37,56.48,2,34.0,10.4,0
1173,one-year,premium,15,63.14,2,78.0,27.3,0
1174,two-year,basic,54,41.81,2,49.0,42.2,0
1175,two-year,standard,21,36.82,0,18.0,17.5,0
1176,month-to-month,basic,22,34.61,1,26.0,15.0,1
1177,two-year,standard,54,55.77,3,27.0,26.8,0
1178,month-to-month,standard,44,47.81,1,68.0,7.2,1
1179,two-year,basic,34,26.77,2,23.0,13.7,0
1180,month-to-month,basic,17,19.4,1,28.0,23.6,0
1181,one-year,basic,40,30.68,0,43.0,8.8,0
1182,one-year,standard,15,55.72,2,23.0,16.4,0
1183,two-year,standard,18,48.09,1,,34.0,0
1184,two-year,standard,11,54.91,6,71.0,19.0,0
1185,month-to-month,standard,14,56.72,4,60.0,24.6,1
1186,one-year,basic,34,24.5,1,27.0,14.2,0
1187,one-year,premium,38,80.9,1,64.0,12.6,0
1188,month-to-month,standard,45,55.13,0,67.0,10.4,0
1189,one-year,standard,18,52.42,3,43.0,23.7,0
1190,month-to-month,basic,36,35.31,1,53.0,4.4,0
1191,month-to-month,basic,31,32.1,0,43.0,22.2,0
1192,one-year,basic,57,24.82,0,48.0,10.2,0
1193,month-to-month,standard,47,47.39,2,50.0,4.3,0
1194,one-year,basic,29,31.48,0,48.0,29.5,0
1195,one-year,basic,25,37.66,2,70.0,5.0,0
1196,month-to-month,standard,41,53.17,2,69.0,31.5,0
1197,two-year,basic,2,27.15,3,57.0,13.5,0
1198,month-to-month,basic,36,30.2,1,73.0,20.0,0
1199,month-to-month,basic,41,21.67,1,18.0,12.0,0
1200,month-to-month,basic,43,37.92,1,54.0,29.7,1
1201,one-year,standard,2,61.8,3,70.0,15.7,1
1202,one-year,standard,37,63.57,1,69.0,24.5,0
1203,month-to-month,premium,20,81.1,5,71.0,16.8,0
1204,one-year,standard,5,47.15,3,75.0,11.3,0
1205,one-year,basic,48,28.95,1,20.0,10.3,0
1206,one-year,standard,25,49.08,1,69.0,5.6,0
1207,month-to-month,basic,28,32.86,2,73.0,18.3,0
1208,month-to-month,standard,18,61.26,2,53.0,1.8,0
1209,two-year,basic,22,18.0,1,50.0,17.2,0
1210,two-year,standard,58,54.7,0,23.0,12.0,0
1211,month-to-month,premium,40,76.58,0,22.0,11.7,0
1212,one-year,premium,9,76.79,6,,28.4,1
1213,month-to-month,standard,25,56.47,2,53.0,27.8,1
1214,month-to-month,basic,7,23.76,2,40.0,14.1,1
1215,month-to-month,basic,6,36.39,1,27.0,42.0,0
1216,month-to-month,basic,7,32.07,1,21.0,17.6,1
1217,month-to-month,basic,38,28.41,1,67.0,4.8,0
1218,two-year,basic,57,29.97,0,49.0,10.9,0
1219,one-year,premium,27,71.82,2,65.0,12.5,0
1220,month-to-month,basic,9,30.46,0,33.0,16.9,0
1221,month-to-month,basic,2,33.9,2,74.0,13.1,1
1222,month-to-month,premium,4,65.9,1,43.0,6.4,1
1223,one-year,standard,55,49.42,1,22.0,20.5,0
1224,one-year,basic,20,26.57,2,29.0,21.0,0
1225,month-to-month,standard,6,51.58,3,22.0,22.4,1
1226,month-to-month,standard,45,49.85,1,46.0,31.5,0
1227,one-year,standard,56,39.55,0,,5.9,0
1228,two-year,basic,32,33.05,0,36.0,9.2,0
1229,one-year,standard,20,60.12,0,65.0,19.5,0
1230,two-year,basic,17,24.96,3,51.0,34.0,0
1231,month-to-month,standard,28,52.96,2,38.0,19.2,0
1232,month-to-month,premium,12,70.02,1,28.0,8.0,0
1233,two-year,basic,18,31.21,4,19.0,27.5,0
1234,one-year,standard,56,50.34,0,76.0,22.1,0
1235,month-to-month,basic,3,37.45,3,44.0,22.9,0
1236,month-to-month,basic,10,25.96,3,45.0,32.4,1
1237,month-to-month,standard,4,56.29,0,45.0,36.1,0
1238,one-year,basic,3,24.83,1,23.0,23.2,0
1239,month-to-month,standard,5,48.09,1,62.0,12.3,1
1240,month-to-month,standard,45,52.59,0,43.0,14.1,0
1241,one-year,standard,57,40.48,0,51.0,22.8,0
1242,two-year,premium,71,68.67,3,26.0,17.1,0
1243,two-year,premium,25,80.59,0,37.0,8.0,0
1244,month-to-month,standard,47,47.06,0,54.0,40.8,0
1245,month-to-month,premium,45,65.46,0,24.0,11.9,1
1246,month-to-month,premium,16,64.84,0,29.0,10.4,0
1247,month-to-month,standard,29,52.37,1,38.0,37.1,1
1248,month-to-month,basic,31,25.92,1,73.0,6.2,0
1249,month-to-month,basic,9,30.15,0,39.0,12.4,1
1250,month-to-month,standard,37,32.32,1,19.0,35.8,0
1251,two-year,standard,45,46.19,0,36.0,4.1,0
1252,month-to-month,basic,16,24.31,0,51.0,15.6,1
1253,month-to-month,premium,36,79.97,2,75.0,21.6,1
1254,two-year,standard,33,57.84,2,39.0,10.2,0
1255,one-year,basic,8,34.29,0,62.0,24.7,0
1256,one-year,premium,26,60.71,1,35.0,16.4,0
1257,month-to-month,standard,6,57.56,2,28.0,8.9,1
1258,two-year,basic,30,38.03,1,74.0,24.3,0
1259,two-year,standard,19,46.1,4,67.0,4.5,1
1260,one-year,standard,5,53.58,1,27.0,2.1,1
1261,two-year,premium,11,77.6,1,64.0,12.1,0
1262,one-year,standard,7,48.75,2,,12.0,0
1263,month-to-month,basic,36,30.54,2,75.0,14.3,0
1264,two-year,standard,63,46.01,0,46.0,19.9,0
1265,one-year,basic,16,30.73,1,74.0,7.9,0
1266,month-to-month,basic,20,28.73,1,62.0,2.8,1
1267,one-year,premium,54,76.5,1,51.0,7.3,0
1268,month-to-month,standard,17,64.86,1,30.0,24.8,1
1269,two-year,premium,45,67.29,2,31.0,34.4,0
1270,one-year,basic,44,37.94,2,62.0,8.3,0
1271,month-to-month,standard,29,52.34,0,48.0,10.6,1
1272,two-year,basic,72,29.79,1,55.0,10.1,0
1273,two-year,basic,5,18.0,1,75.0,23.8,0
1274,one-year,standard,7,58.5,1,34.0,13.9,0
1275,month-to-month,premium,48,66.62,1,61.0,16.3,0
1276,one-year,standard,34,45.12,2,77.0,24.8,0
1277,month-to-month,basic,18,27.82,3,,23.2,0
1278,month-to-month,basic,46,27.45,2,63.0,3.6,1
1279,month-to-month,basic,44,23.67,2,68.0,24.3,0
1280,month-to-month,standard,43,61.89,3,69.0,27.3,1
1281,one-year,premium,2,79.43,0,32.0,13.5,1
1282,month-to-month,standard,20,68.62,2,21.0,3.1,1
1283,month-to-month,standard,40,46.58,2,24.0,6.3,1
1284,one-year,basic,26,24.28,0,58.0,20.0,0
1285,two-year,standard,50,65.56,1,22.0,9.3,0
1286,two-year,standard,60,42.97,2,53.0,28.7,0
1287,one-year,standard,41,53.82,2,59.0,14.1,0
1288,two-year,basic,21,27.76,2,40.0,25.0,0
1289,one-year,standard,44,50.09,0,54.0,31.6,0
1290,one-year,basic,57,20.02,1,26.0,20.9,1
1291,month-to-month,basic,21,25.18,2,32.0,26.3,1
1292,month-to-month,basic,15,43.65,0,33.0,16.2,0
1293,two-year,standard,47,53.08,1,64.0,27.0,0
1294,month-to-month,basic,12,40.55,0,74.0,2.7,0
1295,one-year,standard,21,47.58,1,20.0,22.1,0
1296,month-to-month,standard,18,52.97,1,30.0,5.8,1
1297,month-to-month,basic,41,34.56,1,20.0,13.6,0
1298,month-to-month,standard,36,56.46,2,21.0,14.1,0
1299,one-year,standard,52,50.71,1,42.0,25.2,0
1300,one-year,premium,1,75.51,1,,34.2,1
1301,one-year,premium,11,82.69,3,56.0,25.0,0
1302,month-to-month,premium,44,77.29,2,42.0,57.4,0
1303,month-to-month,premium,29,62.64,1,23.0,29.7,1
1304,one-year,premium,57,70.78,1,22.0,15.1,1
1305,month-to-month,premium,19,67.31,1,59.0,7.2,1
1306,month-to-month,premium,10,63.19,1,20.0,38.1,1
1307,one-year,basic,39,35.7,3,71.0,9.7,0
1308,month-to-month,basic,10,37.55,3,,21.9,1
1309,month-to-month,premium,14,69.65,2,75.0,16.9,1
1310,month-to-month,basic,20,27.83,1,51.0,9.8,0
1311,month-to-month,premium,37,88.92,3,65.0,18.2,1
1312,two-year,premium,40,73.95,2,72.0,27.5,0
1313,one-year,standard,34,51.45,0,40.0,31.3,0
1314,two-year,basic,36,32.24,1,76.0,24.2,0
1315,two-year,standard,69,61.18,0,36.0,21.9,0
1316,month-to-month,premium,48,78.58,1,24.0,6.6,0
1317,month-to-month,basic,25,37.58,2,24.0,22.1,0
1318,one-year,premium,33,68.31,1,51.0,30.7,1
1319,month-to-month,standard,1,58.12,0,37.0,17.5,0
1320,month-to-month,premium,37,74.49,3,63.0,32.3,1
1321,two-year,basic,51,24.47,2,70.0,5.4,0
1322,two-year,premium,6,78.97,2,20.0,12.2,0
1323,month-to-month,basic,7,47.88,3,39.0,17.9,1
1324,one-year,standard,4,53.63,0,72.0,6.1,0
1325,one-year,premium,26,82.34,3,51.0,23.0,1
1326,one-year,standard,35,50.28,3,76.0,19.5,0
1327,month-to-month,basic,4,19.27,1,19.0,15.9,0
1328,month-to-month,premium,46,78.95,1,36.0,10.8,1
1329,two-year,standard,4,45.08,2,,6.5,0
1330,two-year,basic,12,28.56,0,77.0,2.0,0
1331,month-to-month,premium,38,88.87,1,24.0,7.0,1
1332,two-year,premium,48,62.53,3,51.0,16.8,1
1333,month-to-month,premium,41,77.65,0,54.0,7.2,0
1334,one-year,standard,55,55.74,2,38.0,32.9,0
1335,one-year,basic,60,32.39,1,,3.9,0
1336,month-to-month,standard,30,48.04,2,27.0,6.3,1
1337,two-year,standard,42,53.46,3,,25.1,0
1338,month-to-month,standard,1,45.48,4,63.0,18.7,1
1339,two-year,basic,35,40.99,1,79.0,10.0,0
1340,two-year,basic,21,31.28,3,45.0,14.7,1
1341,two-year,basic,5,39.37,2,30.0,19.0,0
1342,two-year,basic,45,28.12,0,34.0,21.7,0
1343,month-to-month,basic,3,36.24,3,70.0,6.4,1
1344,one-year,standard,38,56.99,1,63.0,21.6,0
1345,one-year,standard,58,44.16,1,46.0,7.3,0
1346,one-year,standard,26,63.26,3,56.0,20.3,0
1347,one-year,standard,40,71.09,2,69.0,10.6,0
1348,month-to-month,basic,1,37.63,0,68.0,41.3,1
1349,month-to-month,basic,18,20.77,3,69.0,7.6,1
1350,two-year,basic,8,24.29,2,40.0,23.1,0
1351,month-to-month,basic,13,18.0,0,37.0,13.8,0
1352,one-year,basic,2,24.51,2,36.0,14.2,0
1353,month-to-month,standard,24,64.59,3,63.0,25.8,0
1354,month-to-month,basic,38,37.42,0,,7.2,0
1355,month-to-month,basic,36,23.44,1,64.0,43.6,0
1356,one-year,standard,60,43.33,1,70.0,42.4,0
1357,month-to-month,basic,44,25.63,2,48.0,28.2,1
1358,month-to-month,basic,34,37.77,2,63.0,10.1,1
1359,month-to-month,standard,37,55.63,0,49.0,31.5,0
1360,one-year,standard,35,62.64,3,23.0,16.3,0
1361,one-year,standard,2,47.68,1,72.0,6.1,1
1362,month-to-month,standard,37,53.05,2,21.0,28.6,0
1363,one-year,basic,37,25.19,1,39.0,44.9,0
1364,two-year,premium,68,73.8,2,39.0,16.9,0
1365,two-year,standard,14,50.01,1,25.0,19.6,0
1366,month-to-month,premium,45,73.11,1,30.0,11.0,1
1367,two-year,basic,12,34.31,2,48.0,28.2,0
1368,month-to-month,basic,4,26.88,1,40.0,16.1,1
1369,two-year,premium,46,74.19,4,34.0,22.7,0
1370,month-to-month,basic,16,23.96,1,52.0,5.8,0
1371,month-to-month,premium,26,83.64,1,33.0,11.9,1
1372,month-to-month,standard,19,64.27,0,41.0,16.1,0
1373,two-year,basic,13,43.91,2,54.0,7.1,0
1374,month-to-month,standard,42,57.93,1,37.0,5.2,0
1375,two-year,basic,58,29.98,0,72.0,9.2,0
1376,month-to-month,premium,14,68.72,1,50.0,14.8,1
1377,two-year,standard,25,44.86,4,18.0,8.6,0
1378,month-to-month,standard,37,51.7,3,65.0,10.6,1
1379,month-to-month,basic,22,21.56,0,71.0,13.1,0
1380,one-year,basic,43,35.58,1,58.0,18.7,0
1381,month-to-month,standard,45,54.01,3,59.0,12.1,0
1382,one-year,standard,51,42.86,4,64.0,8.9,0
1383,month-to-month,premium,29,73.74,2,61.0,9.6,1
1384,month-to-month,basic,38,36.21,1,78.0,39.6,0
1385,month-to-month,standard,9,60.36,0,52.0,19.6,0
1386,month-to-month,premium,41,76.81,0,64.0,38.6,0
1387,month-to-month,basic,12,34.76,1,31.0,16.8,1
1388,two-year,standard,31,54.59,3,33.0,7.8,0
1389,one-year,premium,37,72.19,4,24.0,13.5,1
1390,month-to-month,standard,16,53.41,3,77.0,10.2,1
1391,one-year,basic,50,31.25,2,59.0,18.4,0
1392,month-to-month,standard,29,48.32,1,58.0,10.5,0
1393,one-year,basic,57,32.12,2,63.0,17.4,0
1394,month-to-month,basic,14,30.25,0,62.0,17.6,0
1395,one-year,premium,43,78.07,3,51.0,51.0,0
1396,one-year,standard,10,52.49,2,73.0,17.5,0
1397,month-to-month,basic,9,30.34,3,45.0,32.1,1
1398,two-year,standard,38,39.81,0,,10.6,0
1399,one-year,standard,55,68.81,1,20.0,23.9,0
1400,one-year,premium,29,80.44,3,43.0,7.5,1
1401,month-to-month,standard,27,55.46,1,41.0,15.7,1
1402,month-to-month,premium,46,87.7,0,,18.3,1
1403,month-to-month,standard,10,59.37,0,55.0,17.0,1
1404,month-to-month,basic,41,33.77,0,58.0,40.5,0
1405,month-to-month,standard,37,57.02,0,56.0,36.1,0
1406,one-year,basic,40,42.06,2,67.0,15.3,0
1407,month-to-month,basic,19,32.28,0,20.0,5.4,0
1408,one-year,basic,52,21.06,0,31.0,19.4,0
1409,month-to-month,standard,47,41.94,1,68.0,11.4,0
1410,one-year,basic,24,40.09,2,,4.6,0
1411,month-to-month,basic,21,29.07,3,40.0,3.6,1
1412,two-year,premium,53,79.2,0,22.0,15.9,0
1413,two-year,basic,38,29.85,0,32.0,3.8,0
1414,one-year,standard,13,55.57,2,47.0,23.9,0
1415,month-to-month,standard,43,46.55,3,18.0,12.9,1
1416,month-to-month,basic,33,33.72,0,79.0,11.3,0
1417,one-year,standard,27,36.61,2,53.0,26.6,0
1418,one-year,basic,25,28.52,2,26.0,21.4,0
1419,month-to-month,premium,31,65.98,1,24.0,6.7,1
1420,one-year,basic,19,30.44,1,70.0,14.1,0
1421,month-to-month,basic,30,31.06,1,63.0,5.7,0
1422,month-to-month,standard,6,51.33,2,55.0,22.7,1
1423,one-year,standard,24,53.43,1,46.0,31.2,0
1424,two-year,premium,59,63.09,1,43.0,13.6,0
1425,month-to-month,standard,7,44.85,0,35.0,13.4,0
1426,month-to-month,premium,34,73.85,1,68.0,24.1,1
1427,month-to-month,standard,35,55.01,4,71.0,13.0,0
1428,month-to-month,premium,36,77.13,1,79.0,4.1,1
1429,two-year,premium,3,63.38,0,27.0,14.2,1
1430,two-year,premium,60,84.36,0,76.0,3.6,0
1431,one-year,basic,16,29.49,0,30.0,42.9,0
1432,month-to-month,premium,9,86.54,0,60.0,5.6,0
1433,month-to-month,standard,5,56.99,1,77.0,5.9,0
1434,two-year,basic,43,38.32,3,36.0,28.9,0
1435,month-to-month,basic,35,33.94,1,32.0,9.2,0
1436,month-to-month,basic,31,27.01,1,79.0,4.8,0
1437,two-year,standard,67,50.4,0,54.0,22.7,0
1438,month-to-month,basic,19,36.29,1,61.0,27.1,0
1439,month-to-month,standard,5,49.71,3,,27.8,1
1440,month-to-month,basic,15,18.0,3,76.0,8.5,1
1441,one-year,basic,12,30.18,2,22.0,7.0,0
1442,month-to-month,basic,35,31.87,1,27.0,3.9,0
1443,two-year,basic,56,33.32,0,46.0,24.6,0
1444,month-to-month,premium,24,80.05,4,61.0,4.3,0
1445,month-to-month,standard,13,66.15,1,50.0,24.2,1
1446,month-to-month,standard,22,41.71,0,78.0,12.9,0
1447,one-year,premium,41,87.52,0,65.0,8.3,0
1448,month-to-month,standard,9,57.17,0,20.0,34.2,0
1449,one-year,premium,32,75.08,1,19.0,4.1,0
1450,one-year,standard,15,42.7,3,,43.3,0
1451,two-year,standard,56,52.65,2,72.0,9.4,0
1452,month-to-month,standard,26,56.33,1,19.0,17.1,1
1453,month-to-month,standard,24,51.84,3,61.0,31.0,1
1454,one-year,basic,31,26.87,2,32.0,17.4,0
1455,month-to-month,basic,17,25.92,3,45.0,40.8,1
1456,month-to-month,premium,42,69.55,0,35.0,28.8,0
1457,two-year,basic,2,34.59,0,,12.2,0
1458,one-year,premium,17,79.09,1,56.0,32.2,1
1459,month-to-month,standard,16,58.79,2,62.0,21.7,1
1460,month-to-month,basic,9,24.66,3,51.0,35.6,1
1461,two-year,standard,50,61.43,1,19.0,21.6,0
1462,one-year,basic,2,47.45,0,56.0,18.0,0
1463,two-year,standard,44,52.77,2,27.0,16.1,0
1464,one-year,basic,45,38.09,0,43.0,23.3,0
1465,month-to-month,standard,14,42.82,3,27.0,9.7,0
1466,month-to-month,basic,14,46.72,0,53.0,39.2,0
1467,month-to-month,basic,22,34.46,2,59.0,35.2,1
1468,one-year,basic,21,38.69,2,34.0,17.5,0
1469,month-to-month,premium,13,77.12,1,40.0,17.8,0
1470,month-to-month,basic,32,18.99,3,46.0,15.6,1
1471,month-to-month,standard,14,55.52,3,33.0,33.1,1
1472,one-year,basic,42,30.02,3,74.0,9.6,0
1473,month-to-month,basic,18,36.52,4,30.0,20.2,1
1474,two-year,basic,61,24.2,2,,14.5,0
1475,month-to-month,standard,46,30.86,2,64.0,21.3,0
1476,two-year,standard,54,51.55,1,79.0,21.5,0
1477,two-year,premium,26,72.7,3,28.0,29.4,0
1478,two-year,premium,44,80.16,4,,13.2,0
1479,month-to-month,premium,38,69.03,0,59.0,11.9,0
1480,two-year,basic,27,27.38,1,74.0,14.9,0
1481,month-to-month,standard,27,49.45,2,42.0,12.6,0
1482,month-to-month,basic,6,24.89,3,57.0,35.5,1
1483,month-to-month,premium,24,78.97,2,60.0,22.7,1
1484,month-to-month,basic,20,28.08,1,71.0,3.2,0
1485,month-to-month,standard,14,48.59,2,43.0,18.3,0
1486,two-year,basic,17,25.25,2,49.0,7.7,0
1487,month-to-month,basic,6,27.91,2,77.0,5.7,1
1488,month-to-month,premium,5,85.8,3,45.0,31.6,1
1489,two-year,standard,2,50.38,1,46.0,24.4,0
1490,month-to-month,standard,6,47.44,2,37.0,20.0,1
1491,one-year,standard,59,52.79,2,57.0,7.1,0
1492,one-year,standard,11,57.64,1,71.0,19.7,0
1493,one-year,premium,24,75.12,5,19.0,17.7,1
1494,one-year,premium,60,77.96,1,33.0,3.4,0
1495,two-year,basic,29,34.49,3,33.0,7.9,0
1496,two-year,standard,63,57.35,2,73.0,17.5,0
1497,one-year,basic,16,31.64,1,48.0,19.2,0
1498,month-to-month,basic,46,20.38,1,69.0,20.7,0
1499,month-to-month,basic,22,29.24,2,64.0,14.1,0
1500,month-to-month,standard,32,47.51,0,66.0,18.5,0
1501,two-year,basic,24,35.16,4,46.0,6.9,0
1502,month-to-month,standard,10,61.03,1,31.0,26.0,0
1503,two-year,standard,15,49.44,4,20.0,23.7,0
1504,month-to-month,premium,12,80.23,1,75.0,19.8,1
1505,month-to-month,premium,27,77.67,2,77.0,9.1,0
1506,month-to-month,basic,28,28.45,1,54.0,18.2,0
1507,month-to-month,standard,34,61.81,1,72.0,18.1,0
1508,month-to-month,basic,20,26.84,1,51.0,6.9,0
1509,month-to-month,standard,7,47.27,3,67.0,26.9,0
1510,two-year,basic,45,23.97,5,67.0,28.7,1
1511,month-to-month,basic,6,37.4,2,35.0,26.3,1
1512,month-to-month,premium,46,69.84,2,20.0,21.5,0
1513,two-year,premium,55,69.75,0,51.0,34.3,0
1514,month-to-month,standard,28,59.52,1,,31.2,0
1515,one-year,basic,7,32.48,3,23.0,15.0,1
1516,two-year,basic,34,28.93,2,48.0,15.7,0
1517,month-to-month,basic,8,24.06,2,72.0,8.3,0
1518,one-year,basic,59,31.65,2,26.0,15.2,0
1519,one-year,basic,26,22.6,5,53.0,10.2,0
1520,month-to-month,basic,32,31.37,2,69.0,19.9,0
1521,one-year,basic,7,31.02,3,37.0,7.4,0
1522,two-year,basic,31,29.51,2,,24.1,0
1523,two-year,premium,12,76.33,1,49.0,29.9,0
1524,one-year,standard,35,56.27,1,20.0,23.7,0
1525,month-to-month,standard,48,39.43,2,31.0,14.9,1
1526,one-year,standard,27,44.71,2,34.0,6.4,0
1527,two-year,basic,52,35.05,2,31.0,28.2,1
1528,two-year,standard,7,50.94,2,77.0,14.1,0
1529,month-to-month,premium,13,80.92,2,32.0,6.1,0
1530,two-year,premium,10,86.83,1,32.0,15.6,0
1531,one-year,standard,11,62.83,1,46.0,15.2,0
1532,two-year,premium,12,81.9,1,49.0,20.7,0
1533,month-to-month,standard,31,52.73,1,51.0,11.1,1
1534,two-year,basic,34,38.29,5,25.0,18.3,0
1535,one-year,standard,35,47.88,2,46.0,4.7,0
1536,month-to-month,basic,30,31.43,1,,17.8,0
1537,one-year,basic,21,28.27,0,32.0,23.1,0
1538,month-to-month,standard,41,48.81,4,68.0,10.9,1
1539,one-year,standard,32,46.93,3,,30.5,0
1540,one-year,basic,53,33.02,1,60.0,2.5,0
1541,one-year,basic,48,19.4,0,31.0,14.5,0
1542,two-year,basic,51,18.0,4,57.0,11.3,0
1543,one-year,basic,31,37.01,0,47.0,13.7,0
1544,month-to-month,standard,40,54.89,3,79.0,11.3,0
1545,one-year,basic,41,35.79,1,53.0,4.9,0
1546,one-year,standard,45,51.22,2,62.0,10.3,0
1547,month-to-month,premium,3,78.34,1,46.0,1.7,1
1548,month-to-month,premium,20,71.63,1,29.0,16.4,1
1549,one-year,basic,40,26.43,2,25.0,16.6,0
1550,two-year,basic,6,22.27,0,53.0,11.5,0
1551,two-year,basic,37,42.5,0,29.0,11.8,0
1552,month-to-month,basic,26,23.38,4,61.0,19.5,1
1553,month-to-month,basic,13,40.96,1,49.0,12.8,1
1554,two-year,standard,22,43.63,1,45.0,10.9,0
1555,one-year,standard,44,45.76,3,29.0,22.4,0
1556,two-year,basic,6,38.51,2,78.0,18.2,0
1557,one-year,basic,1,34.07,1,49.0,36.2,1
1558,month-to-month,basic,45,32.9,3,76.0,25.1,0
1559,one-year,standard,43,45.59,0,21.0,10.5,0
1560,one-year,basic,34,36.74,0,53.0,9.8,0
1561,two-year,basic,56,24.05,1,51.0,21.3,0
1562,month-to-month,standard,13,54.14,0,38.0,34.1,0
1563,month-to-month,basic,33,25.02,1,51.0,26.8,1
1564,one-year,standard,36,62.78,1,59.0,16.2,0
1565,month-to-month,basic,15,32.8,2,52.0,17.3,1
1566,month-to-month,standard,14,61.37,1,47.0,12.0,0
1567,two-year,basic,35,28.95,2,18.0,25.6,0
1568,one-year,basic,6,25.08,3,33.0,32.8,1
1569,one-year,standard,44,42.52,0,29.0,27.9,0
1570,two-year,basic,66,31.79,4,48.0,11.7,0
1571,one-year,standard,55,60.31,3,75.0,14.4,0
1572,two-year,premium,43,78.74,1,67.0,23.9,0
1573,one-year,basic,13,25.08,3,66.0,14.5,0
1574,one-year,standard,1,48.9,1,58.0,20.1,1
1575,month-to-month,standard,27,48.91,2,70.0,33.6,0
1576,month-to-month,basic,12,29.82,1,55.0,9.5,0
1577,one-year,standard,18,56.86,2,72.0,4.1,0
1578,month-to-month,basic,32,30.99,1,31.0,13.7,0
1579,month-to-month,basic,6,34.98,2,33.0,32.4,1
1580,one-year,basic,37,33.1,0,71.0,14.1,0
1581,one-year,standard,45,44.96,2,78.0,22.7,0
1582,month-to-month,standard,2,52.67,3,34.0,28.7,1
1583,month-to-month,standard,27,45.06,0,31.0,16.1,0
1584,one-year,premium,44,75.69,0,31.0,6.4,0
1585,month-to-month,premium,21,78.06,1,38.0,17.4,0
1586,one-year,basic,19,24.61,0,63.0,14.9,0
1587,month-to-month,standard,8,42.85,3,43.0,17.5,1
1588,two-year,basic,69,31.5,3,64.0,13.1,0
1589,month-to-month,basic,20,29.2,1,74.0,16.6,0
1590,month-to-month,premium,10,83.13,1,28.0,29.7,1
1591,month-to-month,standard,3,47.48,4,50.0,13.8,1
1592,one-year,standard,15,63.41,2,68.0,12.5,0
1593,two-year,basic,60,34.61,1,59.0,7.7,1
1594,month-to-month,standard,9,41.54,1,62.0,11.6,0
1595,month-to-month,premium,33,70.35,3,49.0,31.3,0
1596,month-to-month,standard,44,52.24,0,39.0,26.4,0
1597,one-year,standard,24,51.21,2,,13.1,0
1598,month-to-month,basic,26,23.86,4,27.0,16.3,0
1599,two-year,basic,12,18.0,2,18.0,10.6,0
1600,month-to-month,standard,11,49.88,1,29.0,39.7,1
1601,one-year,standard,24,50.47,2,23.0,5.9,0
1602,one-year,basic,41,34.03,2,45.0,8.7,0
1603,one-year,basic,30,31.36,0,22.0,18.5,0
1604,month-to-month,premium,41,67.55,0,40.0,6.5,0
1605,two-year,basic,54,35.43,1,64.0,8.1,0
1606,one-year,standard,35,47.9,1,27.0,28.4,1
1607,two-year,standard,32,58.68,4,68.0,16.3,0
1608,month-to-month,premium,27,71.77,1,49.0,15.3,1
1609,one-year,basic,27,26.21,2,47.0,31.3,1
1610,one-year,standard,29,51.98,2,37.0,3.9,0
1611,two-year,premium,22,80.38,1,47.0,6.1,1
1612,month-to-month,standard,9,53.84,5,67.0,6.1,1
1613,two-year,basic,70,20.99,3,37.0,31.4,0
1614,one-year,premium,3,81.78,1,,23.5,1
1615,two-year,premium,4,70.37,1,27.0,7.6,0
1616,one-year,standard,7,41.98,2,,21.6,0
1617,month-to-month,basic,20,18.19,1,57.0,9.2,0
1618,two-year,standard,37,61.08,3,19.0,12.7,1
1619,month-to-month,premium,15,85.62,1,22.0,31.1,1
1620,month-to-month,standard,36,48.23,0,24.0,16.1,0
1621,one-year,basic,22,27.99,0,,9.9,0
1622,two-year,premium,9,74.64,3,48.0,23.3,0
1623,two-year,basic,31,21.25,4,46.0,11.6,0
1624,month-to-month,basic,22,30.94,0,40.0,21.9,0
1625,one-year,premium,31,78.85,1,51.0,26.9,0
1626,one-year,standard,18,49.06,1,55.0,11.0,0
1627,month-to-month,basic,20,31.68,1,50.0,20.5,0
1628,one-year,standard,21,49.12,1,53.0,18.2,1
1629,two-year,premium,14,82.11,2,55.0,4.7,0
1630,month-to-month,premium,18,68.61,3,53.0,38.3,1
1631,month-to-month,basic,31,26.74,2,76.0,21.3,1
1632,one-year,basic,59,39.98,1,,29.0,0
1633,two-year,basic,36,31.28,2,28.0,8.5,0
1634,one-year,basic,30,46.82,1,29.0,1.7,0
1635,two-year,basic,21,35.18,2,49.0,26.5,0
1636,two-year,basic,29,38.13,1,43.0,6.4,0
1637,one-year,standard,54,56.54,2,57.0,11.3,0
1638,one-year,standard,12,46.73,2,25.0,6.0,0
1639,month-to-month,basic,23,36.55,2,43.0,21.2,0
1640,month-to-month,premium,46,68.08,0,65.0,7.3,0
1641,two-year,standard,51,40.55,1,34.0,8.3,0
1642,month-to-month,basic,30,32.73,0,,18.0,0
1643,month-to-month,standard,27,58.98,1,18.0,29.8,0
1644,month-to-month,basic,1,38.66,2,43.0,35.7,1
1645,month-to-month,basic,27,32.9,1,28.0,9.8,0
1646,one-year,standard,22,51.52,1,40.0,29.0,0
1647,two-year,basic,11,29.05,1,31.0,18.8,0
1648,month-to-month,standard,20,55.72,2,30.0,21.6,1
1649,two-year,standard,35,59.02,2,,12.8,0
1650,month-to-month,premium,35,75.19,2,38.0,8.4,1
1651,two-year,basic,44,34.45,2,64.0,24.4,0
1652,two-year,premium,18,83.1,1,61.0,31.5,0
1653,one-year,standard,37,60.41,1,41.0,8.8,0
1654,month-to-month,premium,24,83.17,4,46.0,10.0,1
1655,two-year,basic,30,35.86,2,64.0,13.0,0
1656,month-to-month,basic,30,42.12,3,39.0,13.8,1
1657,two-year,basic,33,23.86,3,35.0,18.0,0
1658,two-year,premium,48,86.76,1,68.0,31.7,0
1659,two-year,basic,67,30.54,2,63.0,18.1,0
1660,two-year,basic,40,19.22,2,,2.2,0
1661,one-year,standard,39,52.88,3,58.0,23.7,0
1662,one-year,premium,17,77.26,1,18.0,31.9,0
1663,one-year,standard,20,42.78,1,23.0,34.3,0
1664,month-to-month,basic,6,30.21,2,49.0,26.1,1
1665,two-year,basic,45,18.0,1,42.0,38.2,0
1666,month-to-month,standard,15,63.9,1,75.0,14.9,1
1667,month-to-month,standard,11,50.19,2,76.0,6.0,0
1668,two-year,basic,69,29.97,0,49.0,31.9,0
1669,two-year,basic,26,36.7,1,27.0,13.7,0
1670,month-to-month,standard,13,52.08,2,21.0,11.6,1
1671,two-year,basic,20,21.2,3,46.0,29.7,1
1672,two-year,standard,47,38.49,2,64.0,11.6,0
1673,one-year,premium,31,79.63,1,63.0,13.4,0
1674,one-year,basic,35,35.59,1,54.0,33.7,0
1675,month-to-month,standard,16,48.97,4,54.0,16.1,1
1676,month-to-month,basic,46,18.0,3,26.0,16.6,1
1677,month-to-month,basic,16,32.28,2,20.0,25.4,1
1678,month-to-month,standard,4,51.88,3,56.0,14.9,1
1679,month-to-month,basic,29,34.31,2,24.0,26.5,1
1680,month-to-month,basic,45,24.45,0,60.0,5.7,0
1681,month-to-month,premium,10,60.36,2,56.0,27.8,1
1682,month-to-month,standard,8,48.16,0,,42.0,0
1683,one-year,premium,2,80.41,1,,46.5,1
1684,one-year,basic,54,37.28,1,44.0,47.9,0
1685,one-year,basic,33,27.57,1,38.0,14.7,0
1686,two-year,standard,55,48.06,2,73.0,12.2,0
1687,two-year,premium,72,62.35,0,78.0,10.4,0
1688,month-to-month,standard,38,60.32,0,48.0,9.8,1
1689,one-year,basic,39,26.82,3,34.0,14.8,0
1690,two-year,basic,21,24.98,2,62.0,17.5,0
1691,month-to-month,basic,4,23.74,0,32.0,28.8,1
1692,one-year,standard,19,49.2,0,70.0,10.3,0
1693,one-year,basic,3,32.89,0,38.0,11.8,0
1694,month-to-month,basic,41,27.32,3,77.0,11.7,1
1695,one-year,standard,46,61.43,2,43.0,12.5,0
1696,two-year,basic,49,34.52,2,65.0,23.9,0
1697,one-year,premium,35,77.56,1,74.0,37.2,0
1698,one-year,standard,38,61.04,0,74.0,19.8,0
1699,one-year,basic,30,21.55,4,21.0,15.3,0
1700,one-year,standard,5,52.97,1,29.0,11.4,1
1701,month-to-month,basic,48,35.52,1,29.0,18.3,0
1702,month-to-month,standard,10,57.71,1,36.0,18.4,1
1703,two-year,standard,4,49.02,2,23.0,21.6,1
1704,month-to-month,basic,25,21.6,2,49.0,28.0,1
1705,month-to-month,premium,6,62.0,1,60.0,42.3,1
1706,month-to-month,basic,19,33.45,0,63.0,9.1,0
1707,month-to-month,standard,40,51.4,2,40.0,18.1,0
1708,one-year,basic,26,28.78,1,41.0,15.3,0
1709,one-year,standard,15,53.23,1,19.0,22.9,0
1710,month-to-month,premium,26,74.65,2,66.0,16.1,1
1711,month-to-month,basic,9,26.46,1,75.0,39.9,1
1712,two-year,standard,25,57.25,0,24.0,21.5,0
1713,month-to-month,standard,46,42.59,1,26.0,12.2,1
1714,two-year,basic,17,22.15,2,57.0,13.3,0
1715,month-to-month,standard,40,42.88,2,33.0,19.9,0
1716,one-year,premium,56,72.6,2,29.0,35.9,0
1717,two-year,premium,72,79.36,0,19.0,3.9,0
1718,one-year,standard,1,46.66,2,48.0,21.7,1
1719,one-year,basic,1,31.02,0,46.0,14.2,0
1720,month-to-month,basic,7,36.56,4,78.0,23.8,1
1721,two-year,premium,44,87.37,2,78.0,9.0,0
1722,one-year,standard,32,57.98,0,33.0,9.1,0
1723,two-year,standard,61,48.53,1,59.0,7.0,0
1724,two-year,standard,5,41.61,2,53.0,30.2,0
1725,one-year,basic,28,18.0,1,62.0,12.8,0
1726,two-year,standard,57,47.97,0,79.0,5.5,0
1727,two-year,standard,47,52.84,0,22.0,3.7,0
1728,one-year,basic,21,27.03,1,62.0,16.4,0
1729,one-year,basic,13,43.67,0,63.0,5.5,0
1730,one-year,standard,25,43.09,4,18.0,28.2,0
1731,one-year,basic,10,25.82,2,20.0,17.4,0
1732,one-year,basic,10,18.0,1,,19.1,0
1733,one-year,basic,50,38.11,2,49.0,6.1,0
1734,month-to-month,standard,3,47.83,0,73.0,13.7,1
1735,month-to-month,basic,41,18.0,1,,11.4,0
1736,month-to-month,standard,7,50.85,3,20.0,18.5,1
1737,month-to-month,basic,9,40.18,4,38.0,9.7,1
1738,one-year,standard,6,65.76,0,28.0,14.5,0
1739,two-year,basic,24,28.25,1,44.0,18.4,0
1740,month-to-month,standard,27,56.36,2,71.0,7.9,1
1741,two-year,premium,32,72.02,1,63.0,20.3,0
1742,month-to-month,standard,43,50.43,3,75.0,25.8,1
1743,one-year,standard,39,48.35,2,33.0,20.7,0
1744,month-to-month,premium,17,85.93,1,,7.0,1
1745,one-year,basic,27,25.08,5,,16.0,0
1746,one-year,standard,14,37.85,0,18.0,12.0,0
1747,two-year,standard,51,44.11,0,76.0,11.7,0
1748,month-to-month,standard,26,47.68,1,19.0,13.6,0
1749,one-year,premium,38,76.18,1,78.0,16.7,0
1750,two-year,basic,3,26.02,1,63.0,19.3,1
1751,one-year,basic,53,31.29,1,68.0,12.3,0
1752,month-to-month,premium,43,76.42,2,42.0,16.1,0
1753,two-year,standard,53,49.36,4,38.0,16.1,0
1754,month-to-month,premium,5,79.64,0,24.0,21.3,1
1755,month-to-month,standard,17,45.5,1,,7.6,0
1756,month-to-month,standard,14,44.85,1,,23.0,1
1757,two-year,premium,31,81.48,1,69.0,20.7,0
1758,two-year,standard,8,52.39,1,36.0,24.0,0
1759,two-year,basic,17,18.0,1,40.0,7.8,0
1760,one-year,standard,27,48.83,2,76.0,15.3,0
1761,two-year,basic,63,33.82,1,33.0,43.1,0
1762,two-year,premium,61,85.19,5,69.0,52.2,0
1763,one-year,premium,40,79.68,2,37.0,15.5,1
1764,one-year,basic,2,32.21,1,52.0,39.7,1
1765,two-year,basic,36,37.13,0,79.0,17.6,0
1766,one-year,premium,56,82.0,2,61.0,9.1,0
1767,month-to-month,basic,12,37.96,3,48.0,6.2,1
1768,two-year,basic,3,22.05,1,75.0,7.7,0
1769,month-to-month,basic,16,29.34,1,67.0,5.1,0
1770,one-year,premium,27,64.46,0,51.0,4.6,1
1771,two-year,standard,70,59.34,1,49.0,9.4,0
1772,one-year,basic,60,25.27,1,46.0,31.1,0
1773,one-year,basic,5,22.87,2,68.0,4.5,0
1774,month-to-month,basic,30,42.52,1,32.0,22.5,0
1775,month-to-month,standard,20,44.4,3,73.0,21.2,1
1776,one-year,basic,43,27.12,4,24.0,29.5,0
1777,one-year,standard,54,51.87,2,34.0,21.1,0
1778,one-year,premium,46,73.59,1,21.0,7.8,1
1779,one-year,standard,28,59.76,1,20.0,22.6,0
1780,two-year,basic,3,34.07,1,52.0,42.0,0
1781,one-year,basic,56,22.93,0,26.0,4.1,0
1782,one-year,basic,57,35.37,4,64.0,12.3,1
1783,two-year,standard,47,49.87,0,33.0,28.8,0
1784,one-year,basic,54,25.88,0,49.0,18.3,0
1785,month-to-month,basic,16,33.9,3,35.0,28.6,1
1786,two-year,standard,26,54.8,3,,17.3,0
1787,two-year,standard,70,52.74,0,21.0,16.6,0
1788,two-year,standard,25,45.88,3,,12.0,0
1789,month-to-month,basic,22,30.36,2,75.0,6.5,1
1790,one-year,basic,20,21.36,3,60.0,6.6,1
1791,month-to-month,standard,11,57.02,2,63.0,20.9,0
1792,month-to-month,standard,21,49.74,1,,3.6,1
1793,month-to-month,basic,37,29.1,0,46.0,17.7,0
1794,month-to-month,premium,36,79.53,2,,21.8,1
1795,two-year,premium,4,73.35,0,23.0,3.8,0
1796,one-year,standard,20,55.02,0,,17.9,0
1797,month-to-month,premium,39,69.75,0,40.0,5.3,0
1798,two-year,standard,60,53.65,1,24.0,13.2,0
1799,month-to-month,basic,16,36.13,0,70.0,8.6,0
1800,month-to-month,premium,39,61.92,5,62.0,24.2,0
1801,one-year,standard,44,48.56,2,23.0,16.0,0
1802,one-year,basic,21,30.37,3,79.0,47.3,0
1803,two-year,premium,39,73.5,2,36.0,7.9,1
1804,month-to-month,premium,9,77.9,1,29.0,59.9,0
1805,month-to-month,basic,2,37.63,4,32.0,9.2,1
1806,month-to-month,standard,11,52.3,2,30.0,7.0,1
1807,one-year,standard,35,54.85,1,73.0,8.3,0
1808,two-year,standard,57,54.52,0,47.0,13.8,0
1809,two-year,basic,66,36.6,2,51.0,31.9,0
1810,two-year,basic,65,34.93,5,72.0,9.4,0
1811,month-to-month,premium,3,85.16,0,66.0,11.7,1
1812,two-year,standard,62,59.34,4,75.0,12.4,0
1813,two-year,premium,8,70.55,2,36.0,11.2,0
1814,month-to-month,standard,4,53.6,0,70.0,44.8,1
1815,month-to-month,basic,15,36.49,1,48.0,13.9,0
1816,month-to-month,premium,14,75.72,0,21.0,4.8,0
1817,one-year,basic,51,18.0,0,33.0,27.6,0
1818,two-year,premium,28,87.25,2,46.0,6.5,0
1819,month-to-month,basic,15,32.85,0,73.0,14.5,0
1820,two-year,standard,39,53.82,3,31.0,22.6,0
1821,month-to-month,standard,46,54.07,2,28.0,5.7,0
1822,one-year,basic,17,24.16,1,75.0,12.8,0
1823,month-to-month,standard,40,51.99,1,70.0,26.5,0
1824,one-year,basic,44,27.37,1,50.0,40.3,0
1825,month-to-month,basic,23,24.1,1,,59.5,1
1826,one-year,standard,45,52.83,2,27.0,14.1,0
1827,month-to-month,standard,24,54.65,2,44.0,24.6,0
1828,one-year,basic,43,37.5,0,69.0,24.4,0
1829,two-year,basic,26,31.84,2,74.0,16.4,0
1830,month-to-month,basic,23,28.93,2,51.0,9.4,0
1831,two-year,basic,16,33.95,4,66.0,14.4,0
1832,month-to-month,standard,16,59.37,0,68.0,45.1,0
1833,month-to-month,standard,48,58.79,2,66.0,5.1,0
1834,month-to-month,basic,29,28.4,1,64.0,20.9,0
1835,month-to-month,basic,31,30.63,1,,18.3,0
1836,month-to-month,standard,16,50.01,0,18.0,24.1,0
1837,two-year,standard,45,66.92,4,43.0,20.2,0
1838,month-to-month,standard,13,58.91,2,52.0,14.0,0
1839,one-year,standard,23,60.55,3,30.0,11.9,0
1840,one-year,basic,59,23.18,4,37.0,5.8,0
1841,one-year,basic,46,32.63,0,75.0,26.9,0
1842,month-to-month,basic,21,39.83,1,29.0,20.8,1
1843,month-to-month,standard,27,43.31,4,58.0,6.2,1
1844,month-to-month,basic,15,29.39,0,32.0,33.2,0
1845,one-year,standard,43,38.7,3,56.0,25.3,0
1846,two-year,premium,22,96.07,0,65.0,6.0,0
1847,month-to-month,basic,41,31.73,2,76.0,11.4,0
1848,month-to-month,basic,46,26.57,1,75.0,13.3,0
1849,two-year,standard,49,58.36,0,74.0,71.3,0
1850,month-to-month,standard,10,49.38,1,75.0,7.4,1
1851,one-year,standard,27,56.68,0,45.0,25.0,0
1852,two-year,basic,21,26.92,0,65.0,35.9,0
1853,month-to-month,standard,18,60.15,1,66.0,12.7,0
1854,month-to-month,basic,8,25.59,1,58.0,9.5,0
1855,month-to-month,basic,30,31.21,1,57.0,29.9,1
1856,one-year,standard,20,45.1,0,20.0,8.8,0
1857,two-year,standard,12,53.33,1,21.0,17.7,0
1858,one-year,premium,57,74.38,3,49.0,22.3,1
1859,month-to-month,basic,2,21.41,2,40.0,7.1,0
1860,month-to-month,standard,48,64.78,1,44.0,30.9,0
1861,one-year,basic,7,28.8,3,65.0,17.0,1
1862,one-year,standard,27,52.12,2,62.0,19.7,0
1863,month-to-month,standard,24,58.71,1,67.0,18.8,1
1864,one-year,basic,45,23.52,0,48.0,21.4,0
1865,one-year,premium,55,67.61,1,22.0,9.9,0
1866,month-to-month,premium,19,70.58,1,26.0,10.1,0
1867,one-year,premium,43,82.64,0,65.0,22.6,0
1868,month-to-month,standard,2,45.35,2,54.0,32.5,1
1869,month-to-month,basic,2,48.34,0,40.0,25.8,1
1870,one-year,standard,21,53.89,1,22.0,22.7,0
1871,two-year,premium,28,77.88,4,77.0,28.1,0
1872,one-year,standard,24,55.59,0,29.0,13.6,0
1873,one-year,basic,26,25.87,2,36.0,11.5,0
1874,month-to-month,premium,30,75.05,0,35.0,17.3,0
1875,one-year,standard,14,48.06,0,32.0,18.6,0
1876,one-year,basic,23,29.63,3,76.0,6.5,0
1877,month-to-month,basic,16,28.65,2,,30.2,1
1878,one-year,premium,60,85.24,1,20.0,10.2,1
1879,month-to-month,standard,9,53.7,3,,12.0,1
1880,month-to-month,standard,3,52.47,1,79.0,14.2,0
1881,month-to-month,standard,9,51.18,3,48.0,39.6,0
1882,one-year,basic,44,25.13,1,70.0,33.3,0
1883,two-year,standard,13,45.85,0,36.0,9.2,0
1884,two-year,basic,43,28.79,3,75.0,24.8,0
1885,month-to-month,basic,33,38.93,1,73.0,13.1,1
1886,month-to-month,standard,14,55.7,0,63.0,9.3,0
1887,month-to-month,standard,40,47.97,2,77.0,16.7,0
1888,month-to-month,basic,46,24.84,0,47.0,24.4,0
1889,one-year,basic,16,28.14,2,74.0,16.7,0
1890,one-year,premium,21,82.4,0,67.0,10.5,0
1891,month-to-month,standard,27,59.24,1,75.0,28.6,0
1892,one-year,basic,21,27.5,2,79.0,9.9,0
1893,month-to-month,standard,42,47.98,2,58.0,15.5,0
1894,two-year,basic,72,33.6,0,65.0,29.4,0
1895,one-year,standard,29,46.89,2,25.0,35.3,0
1896,two-year,premium,50,73.47,0,19.0,10.2,0
1897,two-year,basic,4,41.33,0,62.0,4.5,0
1898,one-year,standard,42,47.77,0,45.0,3.6,0
1899,one-year,standard,12,52.99,0,61.0,29.0,0
1900,one-year,premium,25,75.07,1,75.0,2.5,0
1901,one-year,standard,60,58.5,0,22.0,23.4,0
1902,two-year,standard,15,53.89,2,38.0,23.6,0
1903,month-to-month,premium,40,65.38,1,36.0,6.0,0
1904,month-to-month,basic,4,22.89,0,21.0,10.8,1
1905,month-to-month,standard,41,56.04,1,26.0,18.8,1
1906,two-year,standard,7,51.75,1,53.0,11.9,1
1907,month-to-month,basic,1,26.78,0,29.0,11.4,1
1908,two-year,standard,7,42.77,1,18.0,16.9,0
1909,month-to-month,standard,35,53.95,1,49.0,13.2,0
1910,two-year,basic,26,26.95,1,46.0,8.7,0
1911,month-to-month,basic,8,34.95,1,72.0,4.6,0
1912,month-to-month,basic,36,32.33,2,33.0,9.1,0
1913,two-year,standard,48,45.84,0,76.0,25.1,0
1914,month-to-month,premium,5,66.36,2,54.0,8.7,1
1915,month-to-month,basic,28,26.23,2,60.0,16.9,0
1916,month-to-month,premium,23,77.61,1,36.0,5.8,1
1917,month-to-month,basic,43,34.91,2,70.0,29.1,0
1918,two-year,basic,63,18.0,3,52.0,16.3,0
1919,one-year,basic,26,39.51,2,61.0,19.5,1
1920,two-year,standard,40,53.87,0,63.0,24.5,0
1921,month-to-month,premium,20,72.8,0,66.0,35.9,0
1922,month-to-month,standard,11,38.45,2,23.0,15.4,0
1923,two-year,basic,52,22.87,1,,7.8,0
1924,two-year,basic,49,38.08,3,33.0,20.5,0
1925,one-year,standard,6,52.47,0,40.0,6.3,0
1926,one-year,standard,49,52.68,2,23.0,8.8,0
1927,month-to-month,standard,44,49.65,1,68.0,12.3,0
1928,month-to-month,basic,20,26.57,2,78.0,8.0,0
1929,one-year,standard,20,49.7,1,53.0,18.1,0
1930,month-to-month,basic,11,36.17,0,,20.4,0
1931,month-to-month,basic,38,35.95,1,32.0,18.3,0
1932,one-year,basic,12,34.43,3,76.0,19.1,1
1933,month-to-month,standard,41,50.39,2,42.0,5.7,1
1934,two-year,standard,25,54.81,1,18.0,13.5,0
1935,month-to-month,basic,10,40.86,2,50.0,11.9,1
1936,one-year,standard,60,58.14,1,48.0,23.8,0
1937,month-to-month,basic,42,39.52,0,22.0,12.6,0
1938,one-year,standard,22,42.5,1,61.0,15.0,0
1939,month-to-month,standard,11,38.48,0,64.0,12.2,1
1940,month-to-month,standard,33,57.74,2,23.0,6.2,0
1941,one-year,standard,37,51.18,1,72.0,7.8,0
1942,two-year,basic,60,18.0,4,28.0,8.5,0
1943,one-year,basic,37,35.47,1,44.0,14.7,0
1944,month-to-month,standard,20,59.91,0,62.0,37.7,0
1945,month-to-month,basic,21,32.48,2,52.0,13.9,0
1946,month-to-month,standard,15,53.19,0,32.0,27.2,1
1947,month-to-month,basic,11,19.55,2,52.0,21.5,0
1948,month-to-month,basic,17,37.77,1,25.0,29.2,1
1949,two-year,premium,50,92.84,0,29.0,14.6,0
1950,month-to-month,standard,48,70.34,1,60.0,16.6,1
1951,month-to-month,basic,43,30.53,2,71.0,9.2,0
1952,month-to-month,premium,10,76.29,3,,21.4,1
1953,month-to-month,premium,38,80.73,0,70.0,19.9,0
1954,one-year,standard,8,44.18,2,42.0,14.1,1
1955,month-to-month,basic,43,26.46,0,55.0,27.4,1
1956,month-to-month,basic,13,35.18,0,28.0,29.0,1
1957,one-year,basic,30,32.24,1,60.0,12.6,0
1958,two-year,standard,11,48.52,2,46.0,19.4,0
1959,month-to-month,basic,25,29.61,0,59.0,18.0,0
1960,month-to-month,standard,47,43.76,0,72.0,12.0,0
1961,one-year,premium,52,72.52,1,63.0,7.2,0
1962,month-to-month,standard,19,60.15,1,36.0,16.5,0
1963,month-to-month,basic,5,25.85,3,56.0,10.1,1
1964,month-to-month,basic,30,25.16,1,42.0,21.2,0
1965,two-year,basic,53,27.27,0,78.0,34.7,0
1966,one-year,standard,55,43.88,1,38.0,17.2,0
1967,one-year,basic,46,34.95,0,60.0,11.4,0
1968,month-to-month,basic,43,19.45,0,43.0,12.5,0
1969,two-year,basic,54,23.67,1,59.0,25.4,0
1970,month-to-month,standard,18,54.0,0,44.0,7.4,0
1971,month-to-month,standard,47,38.16,1,51.0,11.2,0
1972,two-year,standard,21,62.91,1,77.0,20.2,0
1973,two-year,basic,34,39.6,1,38.0,19.5,0
1974,month-to-month,standard,30,52.59,1,65.0,14.5,0
1975,one-year,premium,37,84.01,1,29.0,25.3,0
1976,month-to-month,premium,33,77.41,1,72.0,19.2,0
1977,two-year,premium,42,79.78,1,43.0,29.5,0
1978,month-to-month,premium,7,83.44,3,61.0,31.4,1
1979,month-to-month,standard,39,67.96,2,59.0,28.6,0
1980,one-year,basic,43,32.16,0,32.0,28.8,1
1981,two-year,premium,11,92.23,1,21.0,12.0,0
1982,one-year,basic,40,38.41,1,71.0,22.8,0
1983,one-year,basic,14,41.94,4,25.0,13.8,0
1984,month-to-month,premium,25,75.94,1,38.0,18.9,1
1985,month-to-month,premium,23,78.39,1,18.0,29.8,0
1986,two-year,basic,14,46.5,2,75.0,9.5,0
1987,month-to-month,premium,20,71.35,4,58.0,12.9,1
1988,two-year,basic,22,22.19,2,30.0,16.4,0
1989,two-year,basic,54,46.87,1,69.0,11.8,0
1990,one-year,basic,4,18.0,1,75.0,13.9,0
1991,month-to-month,standard,16,59.36,0,41.0,13.1,0
1992,two-year,basic,3,25.71,1,30.0,20.3,1
1993,two-year,standard,46,51.12,1,30.0,43.6,0
1994,one-year,standard,56,39.66,0,68.0,5.4,0
1995,month-to-month,basic,26,28.95,0,53.0,11.2,0
1996,one-year,standard,56,42.7,4,74.0,13.4,0
1997,two-year,standard,44,51.81,3,64.0,15.6,1
1998,month-to-month,basic,40,33.35,0,53.0,7.4,0
1999,month-to-month,basic,25,19.98,1,69.0,3.8,0
2000,month-to-month,premium,42,82.11,1,60.0,19.5,0
