home_id,neighborhood,area_sqm,bedrooms,age_years,distance_km,price_k
1,Central,38,2,48,4.5,294.4
2,Riverside,100,2,36,5.3,417.1
3,Riverside,78,4,7,5.6,383.5
4,Central,121,4,9,0.3,569.2
5,Hillside,69,2,33,6.7,201.5
6,Riverside,106,4,10,15.3,444.2
7,Central,74,3,73,13.9,286.3
8,Riverside,93,3,33,8.5,369.0
9,Hillside,88,3,48,11.0,329.3
10,Hillside,109,4,17,7.2,301.2
11,Central,103,3,13,5.9,395.2
12,Riverside,110,4,9,6.1,467.8
13,Central,100,2,47,3.5,422.8
14,Riverside,61,2,10,7.7,293.4
15,Riverside,100,4,23,19.6,364.0
16,Central,72,3,64,2.6,364.5
17,Hillside,149,4,44,2.1,569.1
18,Riverside,105,3,39,12.5,397.0
19,Riverside,98,3,36,9.5,403.2
20,Central,121,3,19,2.4,526.4
21,Central,60,2,33,3.4,295.5
22,Central,140,4,77,5.1,519.9
23,Central,97,3,68,1.5,441.1
24,Riverside,77,2,24,11.4,250.1
25,Central,57,2,41,8.8,195.1
26,Hillside,116,3,48,9.9,453.9
27,Riverside,63,2,10,9.5,271.4
28,Central,84,4,56,8.6,313.1
29,Central,101,2,33,3.9,476.6
30,Riverside,105,3,25,0.8,483.0
31,Riverside,121,4,28,5.0,483.8
32,Hillside,66,1,16,9.5,235.4
33,Riverside,61,1,72,5.4,215.9
34,Riverside,127,4,21,4.7,490.9
35,Central,126,4,71,5.8,496.5
36,Riverside,109,3,33,8.5,408.8
37,Riverside,124,4,4,7.0,506.1
38,Riverside,116,4,43,3.6,460.3
39,Central,42,1,25,7.6,231.2
40,Riverside,149,4,37,11.8,560.6
41,Riverside,138,4,4,5.0,552.3
42,Central,91,3,65,1.8,435.7
43,Central,83,3,34,7.2,409.1
44,Riverside,106,4,34,9.6,431.6
45,Riverside,101,3,21,9.0,285.6
46,Central,61,2,36,10.2,259.3
47,Hillside,97,4,39,11.4,304.3
48,Central,130,4,10,8.0,517.0
49,Hillside,78,2,0,1.3,286.7
50,Central,102,3,7,6.1,409.3
51,Riverside,88,4,67,2.7,316.4
52,Central,80,2,66,5.1,337.2
53,Riverside,48,2,30,13.0,214.1
54,Riverside,50,2,12,3.9,189.2
55,Central,106,3,1,6.6,530.8
56,Riverside,113,3,27,3.8,359.1
57,Riverside,133,4,2,2.2,577.6
58,Riverside,101,3,15,1.7,439.7
59,Riverside,102,3,22,18.5,440.7
60,Riverside,56,2,33,3.5,259.1
61,Central,93,3,56,7.7,468.7
62,Hillside,103,3,1,10.4,361.2
63,Riverside,93,3,31,5.0,443.1
64,Riverside,69,2,24,2.7,336.1
65,Riverside,47,2,66,4.6,187.6
66,Central,105,4,22,1.9,479.9
67,Central,118,3,17,9.8,424.2
68,Central,139,4,37,7.1,547.2
69,Riverside,104,3,20,8.6,404.3
70,Central,84,1,41,2.2,358.0
71,Hillside,68,2,41,3.2,245.6
72,Hillside,77,2,5,7.4,289.3
73,Hillside,35,1,54,6.5,145.4
74,Central,88,3,8,7.3,453.1
75,Hillside,143,4,64,11.6,431.3
76,Central,104,3,64,2.8,433.4
77,Riverside,74,3,58,1.6,250.8
78,Central,89,4,17,5.5,479.1
79,Central,96,3,46,6.2,446.6
80,Central,101,4,33,3.5,472.7
81,Riverside,102,3,61,6.7,437.4
82,Central,68,2,61,5.2,296.6
83,Riverside,111,3,24,7.8,401.6
84,Hillside,136,4,37,2.2,473.4
85,Hillside,96,4,57,11.8,276.5
86,Hillside,73,2,51,12.1,216.8
87,Riverside,114,3,46,5.4,471.4
88,Central,106,2,26,1.7,434.3
89,Central,110,3,79,7.3,428.8
90,Central,127,3,72,9.0,470.4
91,Riverside,149,5,63,4.0,587.0
92,Central,55,2,77,3.2,336.4
93,Riverside,93,3,26,3.7,380.2
94,Hillside,131,4,16,2.4,500.4
95,Riverside,123,4,12,8.8,455.3
96,Central,74,2,59,6.6,327.3
97,Central,114,3,69,8.7,507.4
98,Central,86,4,56,3.0,402.1
99,Riverside,107,4,68,8.1,412.2
100,Central,122,4,77,3.3,552.2
101,Central,116,4,23,4.7,466.4
102,Riverside,35,1,9,9.5,163.6
103,Central,85,3,71,1.2,382.4
104,Hillside,114,3,40,15.0,370.2
105,Hillside,127,4,30,2.7,490.5
106,Riverside,53,2,0,5.5,266.1
107,Hillside,61,1,66,5.5,83.7
108,Riverside,144,6,39,1.5,569.6
109,Central,132,4,58,2.4,505.8
110,Central,129,3,13,5.5,558.8
111,Central,117,3,69,8.6,459.8
112,Riverside,61,3,77,6.5,123.6
113,Central,97,4,42,0.5,505.2
114,Hillside,104,3,63,3.1,375.4
115,Hillside,107,2,61,7.6,314.1
116,Riverside,173,6,69,8.5,627.4
117,Hillside,93,3,74,8.6,277.5
118,Hillside,127,3,11,7.6,474.0
119,Hillside,47,2,57,6.7,182.6
120,Riverside,69,3,27,13.8,313.8
121,Riverside,128,4,48,7.0,490.0
122,Riverside,45,1,77,7.4,140.1
123,Riverside,83,3,35,10.9,320.6
124,Riverside,66,2,22,12.0,228.4
125,Riverside,102,2,32,7.8,336.4
126,Central,90,3,22,1.4,443.3
127,Central,124,3,14,2.0,601.0
128,Central,113,5,37,6.6,545.8
129,Riverside,87,3,6,8.5,322.1
130,Riverside,102,4,13,3.3,448.8
131,Central,104,4,79,1.6,381.4
132,Hillside,88,3,21,10.6,297.2
133,Central,124,4,34,3.4,543.6
134,Hillside,118,4,36,8.0,336.5
135,Hillside,89,3,26,9.3,356.7
136,Riverside,56,2,34,3.5,276.5
137,Hillside,106,3,62,7.0,325.6
138,Central,117,3,3,5.3,514.3
139,Hillside,90,2,24,1.0,365.6
140,Riverside,74,2,45,2.2,243.5
141,Riverside,107,2,57,8.4,367.4
142,Riverside,103,3,4,3.3,472.1
143,Central,115,3,45,4.7,499.8
144,Central,141,5,20,3.5,636.2
145,Central,80,3,62,2.3,312.0
146,Central,42,1,19,4.4,238.4
147,Riverside,75,2,8,17.2,202.0
148,Riverside,73,3,52,2.4,318.8
149,Hillside,94,4,30,23.5,223.6
150,Riverside,114,3,53,7.1,360.3
151,Central,36,1,75,18.4,161.8
152,Riverside,128,5,50,4.9,464.7
153,Central,44,1,77,3.6,267.7
154,Central,87,2,77,10.9,348.1
155,Riverside,50,2,60,1.8,202.9
156,Central,133,5,74,1.6,608.3
157,Riverside,35,2,18,2.3,220.6
158,Riverside,126,3,44,3.9,455.4
159,Riverside,113,4,44,4.1,374.9
160,Hillside,86,2,53,6.5,243.1
