student,class,hours_studied,attendance_pct,math,science,english
Sara M.,C,3.7,82,47,58,64
Maya N.,C,9.9,92,70,84,64
Amara N.,C,7.9,90,77,84,60
Sara K.,C,4.2,91,48,52,68
Fatima S.,C,5.7,98,72,65,52
Lucas A.,A,5.3,93,69,52,79
Ben W.,A,8.2,82,77,63,66
Lucas N.,A,2.6,94,57,48,53
Jonas M.,C,9.9,96,74,73,63
Noah N.,A,4.7,99,59,75,65
Mei M.,B,1.7,95,45,41,66
Liam S.,A,2.4,91,41,65,47
Leo B.,A,5.1,100,62,61,57
Felix S.,A,2.4,82,35,56,53
Sara B.,A,6.4,82,66,54,57
Ben G.,A,4.8,78,55,47,62
Elena A.,A,8.5,100,84,78,67
Tom L.,B,3.2,83,47,42,59
Ravi C.,B,7.3,80,67,60,84
Victor P.,B,3.9,84,48,49,70
Arjun W.,B,2.7,88,32,63,50
Elena L.,B,9.5,85,54,68,69
Priya G.,A,9.1,100,98,60,96
Maya M.,C,7.6,86,69,69,59
Ava A.,C,3.9,83,37,42,70
Mateo M.,B,5.1,81,50,36,67
Samuel L.,A,3.9,76,37,55,64
Zara S.,C,6.9,90,50,65,64
Yuki P.,A,4.7,86,54,60,53
Noah O.,A,5.6,81,47,45,78
Omar S.,B,3.7,94,55,58,63
Felix A.,B,2.4,87,40,30,51
Priya L.,A,5.4,91,58,64,67
Diego M.,C,5.0,94,59,59,61
Grace N.,A,2.1,79,24,47,49
Fatima K.,B,7.8,70,64,56,73
Diego S.,B,4.1,100,56,58,72
Priya H.,C,7.1,88,71,65,72
Ben L.,C,5.3,77,57,42,59
Ava G.,B,3.8,74,36,43,68
Grace G.,B,1.8,76,42,41,56
Isla K.,A,8.8,91,69,62,73
Zara K.,B,3.1,100,63,39,65
Ava B.,C,10.0,96,78,84,86
Yuki H.,A,6.3,87,59,69,60
Tom C.,C,2.8,93,44,55,50
Hugo W.,B,5.7,89,45,64,52
Chloe S.,C,7.6,89,50,47,65
Arjun G.,A,3.7,87,55,41,59
Leo G.,B,4.7,79,73,41,51
Ava K.,B,7.9,80,62,60,75
Kofi M.,B,6.9,81,53,61,60
Maya L.,B,4.6,89,71,69,59
Lucas K.,C,2.0,94,32,37,44
Aisha H.,A,3.7,92,55,40,51
Tom B.,A,5.2,95,74,41,92
Hugo S.,A,5.5,80,59,67,68
Ethan O.,B,6.1,84,39,56,75
Hana P.,B,6.1,75,49,58,77
Tom M.,B,9.3,93,76,77,71
