date,city,temp_c,rain_mm
2025-01-01,London,0.7,0.0
2025-01-02,London,5.1,0.0
2025-01-03,London,7.4,0.0
2025-01-04,London,3.8,2.3
2025-01-05,London,6.3,2.1
2025-01-06,London,3.8,0.0
2025-01-07,London,3.4,0.0
2025-01-08,London,7.7,4.6
2025-01-09,London,6.4,6.0
2025-01-10,London,6.8,2.3
2025-01-11,London,9.7,0.4
2025-01-12,London,5.0,0.0
2025-01-13,London,5.0,0.0
2025-01-14,London,5.3,0.0
2025-01-15,London,7.9,4.5
2025-01-16,London,6.9,0.0
2025-01-17,London,3.2,0.8
2025-01-18,London,3.4,1.5
2025-01-19,London,5.8,0.0
2025-01-20,London,6.0,1.3
2025-01-21,London,6.0,1.6
2025-01-22,London,6.1,0.0
2025-01-23,London,4.7,0.0
2025-01-24,London,6.3,0.0
2025-01-25,London,6.4,0.0
2025-01-26,London,3.3,0.0
2025-01-27,London,2.6,0.0
2025-01-28,London,5.6,0.0
2025-01-29,London,4.3,0.0
2025-01-30,London,2.3,0.0
2025-01-31,London,6.8,6.2
2025-02-01,London,6.1,1.0
2025-02-02,London,,0.0
2025-02-03,London,5.2,0.0
2025-02-04,London,5.5,2.9
2025-02-05,London,2.5,0.0
2025-02-06,London,8.2,0.0
2025-02-07,London,6.7,2.4
2025-02-08,London,7.3,0.0
2025-02-09,London,5.0,0.0
2025-02-10,London,5.5,3.8
2025-02-11,London,6.3,0.0
2025-02-12,London,4.2,6.8
2025-02-13,London,4.2,0.0
2025-02-14,London,9.8,0.0
2025-02-15,London,6.5,1.7
2025-02-16,London,4.5,1.0
2025-02-17,London,3.1,0.3
2025-02-18,London,3.6,4.7
2025-02-19,London,6.7,4.2
2025-02-20,London,4.2,0.0
2025-02-21,London,4.0,0.0
2025-02-22,London,5.8,7.8
2025-02-23,London,7.0,0.0
2025-02-24,London,9.0,0.0
2025-02-25,London,4.8,0.0
2025-02-26,London,5.1,0.0
2025-02-27,London,7.3,0.8
2025-02-28,London,5.7,0.0
2025-03-01,London,8.4,3.0
2025-03-02,London,5.9,0.0
2025-03-03,London,4.2,0.0
2025-03-04,London,5.6,5.4
2025-03-05,London,4.0,0.0
2025-03-06,London,6.1,1.4
2025-03-07,London,8.2,0.0
2025-03-08,London,7.4,0.0
2025-03-09,London,7.2,0.0
2025-03-10,London,4.9,0.0
2025-03-11,London,6.1,3.1
2025-03-12,London,6.9,0.0
2025-03-13,London,8.2,1.9
2025-03-14,London,12.9,1.1
2025-03-15,London,6.6,0.0
2025-03-16,London,9.9,0.0
2025-03-17,London,5.8,1.9
2025-03-18,London,6.1,1.7
2025-03-19,London,4.4,0.0
2025-03-20,London,6.8,4.0
2025-03-21,London,10.6,0.0
2025-03-22,London,8.6,0.0
2025-03-23,London,11.1,4.0
2025-03-24,London,7.8,1.1
2025-03-25,London,11.0,0.0
2025-03-26,London,7.9,6.6
2025-03-27,London,10.9,1.6
2025-03-28,London,12.5,0.0
2025-03-29,London,,0.0
2025-03-30,London,6.7,2.6
2025-03-31,London,13.2,4.8
2025-04-01,London,7.9,0.0
2025-04-02,London,8.6,0.0
2025-04-03,London,9.2,3.9
2025-04-04,London,11.8,3.6
2025-04-05,London,11.5,4.5
2025-04-06,London,11.5,0.0
2025-04-07,London,9.7,0.0
2025-04-08,London,10.0,0.0
2025-04-09,London,12.2,0.0
2025-04-10,London,14.0,0.0
2025-04-11,London,8.2,0.0
2025-04-12,London,13.4,0.0
2025-04-13,London,12.9,4.2
2025-04-14,London,12.4,0.8
2025-04-15,London,9.8,0.0
2025-04-16,London,11.5,0.0
2025-04-17,London,12.2,0.4
2025-04-18,London,10.3,0.0
2025-04-19,London,14.0,1.6
2025-04-20,London,10.8,0.0
2025-04-21,London,15.0,0.5
2025-04-22,London,9.0,3.7
2025-04-23,London,9.4,0.0
2025-04-24,London,8.5,0.0
2025-04-25,London,13.8,0.0
2025-04-26,London,10.7,0.1
2025-04-27,London,10.9,0.0
2025-04-28,London,14.5,1.5
2025-04-29,London,16.3,1.3
2025-04-30,London,11.4,0.8
2025-05-01,London,15.7,3.0
2025-05-02,London,14.2,0.0
2025-05-03,London,13.2,0.0
2025-05-04,London,10.9,0.0
2025-05-05,London,10.6,4.0
2025-05-06,London,,1.4
2025-05-07,London,13.9,0.0
2025-05-08,London,12.4,1.9
2025-05-09,London,11.9,0.0
2025-05-10,London,11.3,1.3
2025-05-11,London,14.8,0.0
2025-05-12,London,15.5,0.0
2025-05-13,London,15.7,2.4
2025-05-14,London,15.6,7.7
2025-05-15,London,13.4,0.0
2025-05-16,London,17.8,0.0
2025-05-17,London,12.6,2.3
2025-05-18,London,15.9,8.6
2025-05-19,London,14.1,0.0
2025-05-20,London,12.7,5.3
2025-05-21,London,13.8,0.0
2025-05-22,London,16.2,6.4
2025-05-23,London,17.4,0.0
2025-05-24,London,16.0,0.0
2025-05-25,London,9.5,1.2
2025-05-26,London,17.0,0.0
2025-05-27,London,11.3,0.0
2025-05-28,London,19.5,0.0
2025-05-29,London,16.2,2.5
2025-05-30,London,16.1,0.0
2025-05-31,London,17.9,0.0
2025-06-01,London,15.4,4.5
2025-06-02,London,15.6,3.3
2025-06-03,London,15.4,3.7
2025-06-04,London,16.5,4.8
2025-06-05,London,16.5,5.2
2025-06-06,London,16.9,1.9
2025-06-07,London,9.8,0.0
2025-06-08,London,16.3,0.0
2025-06-09,London,13.4,0.6
2025-06-10,London,22.1,0.0
2025-06-11,London,18.3,5.1
2025-06-12,London,18.7,0.7
2025-06-13,London,17.8,1.6
2025-06-14,London,18.3,3.4
2025-06-15,London,15.2,0.0
2025-06-16,London,18.6,0.0
2025-06-17,London,18.8,0.0
2025-06-18,London,17.5,0.0
2025-06-19,London,18.8,0.0
2025-06-20,London,19.4,0.0
2025-06-21,London,17.4,4.3
2025-06-22,London,15.1,0.0
2025-06-23,London,19.1,1.7
2025-06-24,London,20.5,0.0
2025-06-25,London,15.1,3.0
2025-06-26,London,19.9,4.5
2025-06-27,London,18.1,0.0
2025-06-28,London,18.9,1.1
2025-06-29,London,19.4,0.0
2025-06-30,London,15.6,0.0
2025-07-01,London,18.3,0.0
2025-07-02,London,19.8,0.0
2025-07-03,London,20.7,2.1
2025-07-04,London,19.6,0.8
2025-07-05,London,16.0,2.9
2025-07-06,London,18.3,0.0
2025-07-07,London,17.4,0.0
2025-07-08,London,18.0,4.6
2025-07-09,London,20.2,2.3
2025-07-10,London,15.2,0.0
2025-07-11,London,19.0,0.0
2025-07-12,London,18.9,0.5
2025-07-13,London,16.0,0.1
2025-07-14,London,20.3,0.0
2025-07-15,London,16.8,0.0
2025-07-16,London,18.1,0.0
2025-07-17,London,12.8,0.0
2025-07-18,London,20.3,2.5
2025-07-19,London,17.4,0.0
2025-07-20,London,17.4,0.5
2025-07-21,London,20.9,1.8
2025-07-22,London,14.1,0.0
2025-07-23,London,19.7,0.0
2025-07-24,London,20.1,0.0
2025-07-25,London,13.9,0.0
2025-07-26,London,18.5,0.0
2025-07-27,London,17.2,0.0
2025-07-28,London,15.8,0.0
2025-07-29,London,15.3,0.0
2025-07-30,London,19.3,2.6
2025-07-31,London,20.2,2.6
2025-08-01,London,15.5,1.9
2025-08-02,London,15.9,0.8
2025-08-03,London,19.4,5.7
2025-08-04,London,22.6,0.0
2025-08-05,London,14.5,1.6
2025-08-06,London,14.7,4.8
2025-08-07,London,15.4,0.0
2025-08-08,London,15.4,1.0
2025-08-09,London,19.9,0.0
2025-08-10,London,15.4,2.4
2025-08-11,London,22.0,4.5
2025-08-12,London,18.3,0.0
2025-08-13,London,19.4,3.4
2025-08-14,London,18.6,1.3
2025-08-15,London,15.1,0.0
2025-08-16,London,14.3,0.0
2025-08-17,London,19.1,0.8
2025-08-18,London,19.6,0.0
2025-08-19,London,17.9,3.8
2025-08-20,London,17.0,0.0
2025-08-21,London,17.1,0.0
2025-08-22,London,17.3,0.7
2025-08-23,London,14.0,0.0
2025-08-24,London,16.8,1.5
2025-08-25,London,16.7,0.0
2025-08-26,London,12.9,4.2
2025-08-27,London,11.0,1.7
2025-08-28,London,15.9,6.0
2025-08-29,London,12.1,1.9
2025-08-30,London,11.4,0.0
2025-08-31,London,12.6,2.9
2025-09-01,London,16.5,0.3
2025-09-02,London,15.9,12.0
2025-09-03,London,16.1,0.0
2025-09-04,London,19.4,0.0
2025-09-05,London,16.9,1.3
2025-09-06,London,18.9,2.8
2025-09-07,London,16.0,0.0
2025-09-08,London,17.7,0.0
2025-09-09,London,18.7,1.1
2025-09-10,London,19.5,0.0
2025-09-11,London,14.8,0.0
2025-09-12,London,12.7,0.8
2025-09-13,London,15.2,0.0
2025-09-14,London,17.8,0.0
2025-09-15,London,18.1,0.0
2025-09-16,London,15.1,0.0
2025-09-17,London,15.5,0.0
2025-09-18,London,17.9,11.4
2025-09-19,London,14.9,0.0
2025-09-20,London,15.8,0.0
2025-09-21,London,16.2,1.2
2025-09-22,London,13.7,0.0
2025-09-23,London,12.3,0.0
2025-09-24,London,19.1,0.0
2025-09-25,London,12.7,0.0
2025-09-26,London,11.6,2.0
2025-09-27,London,13.1,0.4
2025-09-28,London,13.9,0.0
2025-09-29,London,14.1,0.0
2025-09-30,London,12.7,0.4
2025-10-01,London,14.3,0.0
2025-10-02,London,16.7,0.0
2025-10-03,London,12.3,0.0
2025-10-04,London,13.0,9.1
2025-10-05,London,15.7,0.6
2025-10-06,London,10.6,0.0
2025-10-07,London,10.1,0.0
2025-10-08,London,11.0,0.0
2025-10-09,London,12.1,0.3
2025-10-10,London,14.1,4.0
2025-10-11,London,8.7,7.2
2025-10-12,London,10.6,0.3
2025-10-13,London,9.6,0.0
2025-10-14,London,8.5,4.4
2025-10-15,London,9.0,0.4
2025-10-16,London,13.1,3.9
2025-10-17,London,11.7,0.0
2025-10-18,London,11.7,0.0
2025-10-19,London,12.5,3.7
2025-10-20,London,12.0,2.8
2025-10-21,London,11.9,2.9
2025-10-22,London,14.9,0.0
2025-10-23,London,12.2,6.7
2025-10-24,London,5.0,0.0
2025-10-25,London,11.8,0.0
2025-10-26,London,12.5,4.9
2025-10-27,London,11.4,0.0
2025-10-28,London,9.0,0.9
2025-10-29,London,8.0,1.2
2025-10-30,London,10.1,4.8
2025-10-31,London,11.3,0.0
2025-11-01,London,11.6,0.2
2025-11-02,London,5.9,0.0
2025-11-03,London,10.3,0.0
2025-11-04,London,12.2,0.0
2025-11-05,London,11.0,0.0
2025-11-06,London,14.6,3.6
2025-11-07,London,7.7,0.0
2025-11-08,London,6.5,0.0
2025-11-09,London,10.8,0.8
2025-11-10,London,12.0,0.0
2025-11-11,London,6.7,0.3
2025-11-12,London,8.8,2.2
2025-11-13,London,9.1,0.0
2025-11-14,London,9.3,0.0
2025-11-15,London,11.0,5.0
2025-11-16,London,13.2,0.0
2025-11-17,London,7.0,1.2
2025-11-18,London,7.4,0.0
2025-11-19,London,4.8,3.2
2025-11-20,London,9.5,4.6
2025-11-21,London,5.4,0.0
2025-11-22,London,8.0,0.0
2025-11-23,London,8.6,2.7
2025-11-24,London,10.3,1.5
2025-11-25,London,7.3,5.5
2025-11-26,London,6.3,0.0
2025-11-27,London,5.9,0.0
2025-11-28,London,9.2,0.8
2025-11-29,London,6.4,0.0
2025-11-30,London,7.1,0.0
2025-12-01,London,8.5,0.0
2025-12-02,London,9.6,0.0
2025-12-03,London,9.2,0.0
2025-12-04,London,3.8,0.6
2025-12-05,London,4.4,0.0
2025-12-06,London,7.3,1.5
2025-12-07,London,7.7,0.0
2025-12-08,London,7.0,0.6
2025-12-09,London,9.1,0.1
2025-12-10,London,9.5,2.7
2025-12-11,London,6.1,4.1
2025-12-12,London,6.5,0.0
2025-12-13,London,8.3,3.5
2025-12-14,London,7.8,5.3
2025-12-15,London,3.9,1.6
2025-12-16,London,3.2,0.0
2025-12-17,London,2.2,0.0
2025-12-18,London,5.8,2.0
2025-12-19,London,4.5,1.4
2025-12-20,London,4.3,2.0
2025-12-21,London,2.4,0.0
2025-12-22,London,5.5,1.7
2025-12-23,London,2.4,1.5
2025-12-24,London,3.1,1.7
2025-12-25,London,,0.0
2025-12-26,London,6.4,2.2
2025-12-27,London,5.4,0.0
2025-12-28,London,6.7,0.0
2025-12-29,London,5.1,0.0
2025-12-30,London,4.4,0.7
2025-12-31,London,4.5,0.0
2025-01-01,Mumbai,29.8,0.0
2025-01-02,Mumbai,25.1,0.0
2025-01-03,Mumbai,26.5,0.0
2025-01-04,Mumbai,28.8,0.0
2025-01-05,Mumbai,27.3,0.0
2025-01-06,Mumbai,25.8,1.2
2025-01-07,Mumbai,30.2,0.9
2025-01-08,Mumbai,26.5,1.1
2025-01-09,Mumbai,26.8,4.4
2025-01-10,Mumbai,26.0,0.0
2025-01-11,Mumbai,24.8,0.0
2025-01-12,Mumbai,26.8,0.0
2025-01-13,Mumbai,29.0,1.5
2025-01-14,Mumbai,26.1,0.0
2025-01-15,Mumbai,28.8,0.0
2025-01-16,Mumbai,24.6,1.4
2025-01-17,Mumbai,26.7,0.0
2025-01-18,Mumbai,27.5,0.0
2025-01-19,Mumbai,27.2,0.0
2025-01-20,Mumbai,25.8,0.0
2025-01-21,Mumbai,22.2,0.0
2025-01-22,Mumbai,25.8,0.0
2025-01-23,Mumbai,27.8,2.2
2025-01-24,Mumbai,27.3,0.2
2025-01-25,Mumbai,25.8,0.0
2025-01-26,Mumbai,28.7,0.0
2025-01-27,Mumbai,23.8,0.0
2025-01-28,Mumbai,26.7,0.0
2025-01-29,Mumbai,29.2,0.0
2025-01-30,Mumbai,29.0,0.0
2025-01-31,Mumbai,29.7,0.0
2025-02-01,Mumbai,23.3,0.0
2025-02-02,Mumbai,24.9,1.6
2025-02-03,Mumbai,26.0,0.0
2025-02-04,Mumbai,27.3,5.0
2025-02-05,Mumbai,23.2,0.0
2025-02-06,Mumbai,26.2,0.0
2025-02-07,Mumbai,23.9,2.6
2025-02-08,Mumbai,25.3,4.5
2025-02-09,Mumbai,22.3,0.0
2025-02-10,Mumbai,26.8,0.0
2025-02-11,Mumbai,21.6,0.0
2025-02-12,Mumbai,26.2,0.0
2025-02-13,Mumbai,22.9,1.2
2025-02-14,Mumbai,23.8,5.9
2025-02-15,Mumbai,26.6,0.6
2025-02-16,Mumbai,26.0,0.3
2025-02-17,Mumbai,22.8,0.0
2025-02-18,Mumbai,20.5,2.3
2025-02-19,Mumbai,25.7,0.0
2025-02-20,Mumbai,25.7,0.5
2025-02-21,Mumbai,22.2,1.6
2025-02-22,Mumbai,28.8,0.0
2025-02-23,Mumbai,27.0,0.6
2025-02-24,Mumbai,22.2,0.7
2025-02-25,Mumbai,27.0,2.2
2025-02-26,Mumbai,22.4,0.0
2025-02-27,Mumbai,28.3,0.0
2025-02-28,Mumbai,28.5,3.2
2025-03-01,Mumbai,28.7,0.0
2025-03-02,Mumbai,22.6,0.0
2025-03-03,Mumbai,24.4,0.0
2025-03-04,Mumbai,22.5,1.2
2025-03-05,Mumbai,23.1,0.0
2025-03-06,Mumbai,29.2,0.0
2025-03-07,Mumbai,25.3,0.0
2025-03-08,Mumbai,24.6,0.0
2025-03-09,Mumbai,24.7,1.0
2025-03-10,Mumbai,23.4,0.0
2025-03-11,Mumbai,23.9,0.0
2025-03-12,Mumbai,26.1,0.0
2025-03-13,Mumbai,24.4,0.0
2025-03-14,Mumbai,24.3,0.0
2025-03-15,Mumbai,24.6,0.0
2025-03-16,Mumbai,25.2,0.0
2025-03-17,Mumbai,24.7,0.0
2025-03-18,Mumbai,24.0,1.5
2025-03-19,Mumbai,24.2,0.0
2025-03-20,Mumbai,25.9,0.0
2025-03-21,Mumbai,24.3,0.0
2025-03-22,Mumbai,24.6,0.0
2025-03-23,Mumbai,23.7,0.3
2025-03-24,Mumbai,24.8,0.0
2025-03-25,Mumbai,26.1,0.0
2025-03-26,Mumbai,21.4,2.1
2025-03-27,Mumbai,25.4,1.5
2025-03-28,Mumbai,26.3,0.0
2025-03-29,Mumbai,25.1,2.4
2025-03-30,Mumbai,23.8,0.0
2025-03-31,Mumbai,27.0,9.4
2025-04-01,Mumbai,27.1,6.3
2025-04-02,Mumbai,23.3,0.0
2025-04-03,Mumbai,26.0,0.0
2025-04-04,Mumbai,25.6,0.0
2025-04-05,Mumbai,21.0,0.0
2025-04-06,Mumbai,25.8,0.0
2025-04-07,Mumbai,22.3,3.2
2025-04-08,Mumbai,25.2,1.0
2025-04-09,Mumbai,22.2,0.0
2025-04-10,Mumbai,26.3,0.0
2025-04-11,Mumbai,30.0,3.7
2025-04-12,Mumbai,24.0,0.0
2025-04-13,Mumbai,23.4,0.0
2025-04-14,Mumbai,22.0,0.0
2025-04-15,Mumbai,23.2,2.3
2025-04-16,Mumbai,27.4,0.0
2025-04-17,Mumbai,25.4,2.3
2025-04-18,Mumbai,21.9,3.0
2025-04-19,Mumbai,24.9,0.0
2025-04-20,Mumbai,24.6,0.0
2025-04-21,Mumbai,26.6,0.0
2025-04-22,Mumbai,24.5,0.0
2025-04-23,Mumbai,26.3,0.0
2025-04-24,Mumbai,25.3,0.0
2025-04-25,Mumbai,,0.0
2025-04-26,Mumbai,23.5,0.0
2025-04-27,Mumbai,28.2,0.0
2025-04-28,Mumbai,26.3,0.0
2025-04-29,Mumbai,26.0,3.9
2025-04-30,Mumbai,25.6,0.0
2025-05-01,Mumbai,22.4,0.0
2025-05-02,Mumbai,25.2,0.6
2025-05-03,Mumbai,26.6,0.0
2025-05-04,Mumbai,27.3,0.0
2025-05-05,Mumbai,27.9,0.0
2025-05-06,Mumbai,26.7,0.6
2025-05-07,Mumbai,27.1,3.0
2025-05-08,Mumbai,24.8,0.0
2025-05-09,Mumbai,28.8,0.0
2025-05-10,Mumbai,24.1,0.0
2025-05-11,Mumbai,26.8,0.0
2025-05-12,Mumbai,25.6,0.0
2025-05-13,Mumbai,28.7,0.6
2025-05-14,Mumbai,25.9,2.2
2025-05-15,Mumbai,27.7,0.0
2025-05-16,Mumbai,24.9,6.8
2025-05-17,Mumbai,28.7,0.0
2025-05-18,Mumbai,28.3,1.7
2025-05-19,Mumbai,29.5,0.0
2025-05-20,Mumbai,25.9,0.0
2025-05-21,Mumbai,28.3,0.0
2025-05-22,Mumbai,28.0,0.3
2025-05-23,Mumbai,28.9,0.0
2025-05-24,Mumbai,28.1,0.0
2025-05-25,Mumbai,27.1,0.0
2025-05-26,Mumbai,29.1,0.6
2025-05-27,Mumbai,21.4,0.0
2025-05-28,Mumbai,26.2,1.9
2025-05-29,Mumbai,25.1,0.0
2025-05-30,Mumbai,29.2,0.0
2025-05-31,Mumbai,26.6,0.0
2025-06-01,Mumbai,28.5,61.5
2025-06-02,Mumbai,27.3,0.0
2025-06-03,Mumbai,29.3,11.7
2025-06-04,Mumbai,28.8,10.5
2025-06-05,Mumbai,27.2,32.4
2025-06-06,Mumbai,28.2,45.9
2025-06-07,Mumbai,27.3,20.0
2025-06-08,Mumbai,26.4,27.6
2025-06-09,Mumbai,28.4,9.3
2025-06-10,Mumbai,30.5,4.5
2025-06-11,Mumbai,29.2,0.0
2025-06-12,Mumbai,25.9,20.0
2025-06-13,Mumbai,29.2,5.1
2025-06-14,Mumbai,26.0,75.1
2025-06-15,Mumbai,21.6,57.9
2025-06-16,Mumbai,25.7,0.0
2025-06-17,Mumbai,28.0,0.6
2025-06-18,Mumbai,24.8,57.0
2025-06-19,Mumbai,28.1,51.8
2025-06-20,Mumbai,30.1,62.5
2025-06-21,Mumbai,27.7,1.6
2025-06-22,Mumbai,28.8,11.9
2025-06-23,Mumbai,27.3,0.0
2025-06-24,Mumbai,23.2,57.5
2025-06-25,Mumbai,28.5,11.6
2025-06-26,Mumbai,26.5,24.8
2025-06-27,Mumbai,28.7,28.2
2025-06-28,Mumbai,24.2,1.8
2025-06-29,Mumbai,28.5,9.1
2025-06-30,Mumbai,29.3,27.1
2025-07-01,Mumbai,31.0,30.2
2025-07-02,Mumbai,28.7,26.6
2025-07-03,Mumbai,25.7,0.0
2025-07-04,Mumbai,28.4,8.6
2025-07-05,Mumbai,24.5,0.0
2025-07-06,Mumbai,24.7,3.5
2025-07-07,Mumbai,29.0,37.7
2025-07-08,Mumbai,29.7,5.4
2025-07-09,Mumbai,29.0,11.3
2025-07-10,Mumbai,31.0,0.0
2025-07-11,Mumbai,30.3,20.1
2025-07-12,Mumbai,29.9,0.0
2025-07-13,Mumbai,25.5,23.1
2025-07-14,Mumbai,27.4,0.0
2025-07-15,Mumbai,29.2,3.6
2025-07-16,Mumbai,26.0,23.4
2025-07-17,Mumbai,26.4,27.0
2025-07-18,Mumbai,25.9,19.1
2025-07-19,Mumbai,27.6,1.1
2025-07-20,Mumbai,29.3,28.6
2025-07-21,Mumbai,31.4,18.7
2025-07-22,Mumbai,29.1,6.2
2025-07-23,Mumbai,28.4,30.6
2025-07-24,Mumbai,27.0,29.8
2025-07-25,Mumbai,31.8,43.8
2025-07-26,Mumbai,29.7,9.4
2025-07-27,Mumbai,30.7,3.1
2025-07-28,Mumbai,27.2,17.1
2025-07-29,Mumbai,26.8,0.0
2025-07-30,Mumbai,29.8,10.3
2025-07-31,Mumbai,,2.1
2025-08-01,Mumbai,31.8,0.0
2025-08-02,Mumbai,28.1,40.8
2025-08-03,Mumbai,29.0,13.7
2025-08-04,Mumbai,28.4,17.5
2025-08-05,Mumbai,31.6,8.5
2025-08-06,Mumbai,27.9,19.7
2025-08-07,Mumbai,31.1,38.6
2025-08-08,Mumbai,29.5,0.0
2025-08-09,Mumbai,30.7,1.6
2025-08-10,Mumbai,32.3,5.1
2025-08-11,Mumbai,30.7,30.1
2025-08-12,Mumbai,33.5,0.0
2025-08-13,Mumbai,30.4,15.4
2025-08-14,Mumbai,26.1,10.6
2025-08-15,Mumbai,30.5,38.7
2025-08-16,Mumbai,29.3,8.4
2025-08-17,Mumbai,28.0,45.9
2025-08-18,Mumbai,29.4,20.9
2025-08-19,Mumbai,28.0,31.3
2025-08-20,Mumbai,30.7,44.2
2025-08-21,Mumbai,30.4,24.8
2025-08-22,Mumbai,31.6,11.1
2025-08-23,Mumbai,31.1,44.6
2025-08-24,Mumbai,31.2,4.4
2025-08-25,Mumbai,27.1,0.0
2025-08-26,Mumbai,29.4,24.3
2025-08-27,Mumbai,26.0,53.7
2025-08-28,Mumbai,31.1,16.1
2025-08-29,Mumbai,29.9,13.1
2025-08-30,Mumbai,30.5,7.4
2025-08-31,Mumbai,29.8,21.8
2025-09-01,Mumbai,30.6,16.8
2025-09-02,Mumbai,25.9,2.0
2025-09-03,Mumbai,30.6,42.5
2025-09-04,Mumbai,33.5,11.8
2025-09-05,Mumbai,30.8,0.7
2025-09-06,Mumbai,29.1,19.7
2025-09-07,Mumbai,32.7,0.0
2025-09-08,Mumbai,30.7,35.7
2025-09-09,Mumbai,30.8,6.5
2025-09-10,Mumbai,34.0,3.4
2025-09-11,Mumbai,31.0,21.6
2025-09-12,Mumbai,28.7,15.6
2025-09-13,Mumbai,28.3,14.4
2025-09-14,Mumbai,32.3,41.8
2025-09-15,Mumbai,26.8,8.0
2025-09-16,Mumbai,29.0,51.5
2025-09-17,Mumbai,28.7,11.4
2025-09-18,Mumbai,32.0,2.5
2025-09-19,Mumbai,29.6,8.0
2025-09-20,Mumbai,30.4,13.1
2025-09-21,Mumbai,26.3,87.6
2025-09-22,Mumbai,29.0,2.9
2025-09-23,Mumbai,29.9,5.5
2025-09-24,Mumbai,29.9,7.5
2025-09-25,Mumbai,30.0,26.3
2025-09-26,Mumbai,31.1,37.6
2025-09-27,Mumbai,30.5,0.0
2025-09-28,Mumbai,,0.0
2025-09-29,Mumbai,28.9,1.6
2025-09-30,Mumbai,29.7,23.6
2025-10-01,Mumbai,29.0,0.0
2025-10-02,Mumbai,33.0,0.0
2025-10-03,Mumbai,32.4,0.0
2025-10-04,Mumbai,27.2,0.0
2025-10-05,Mumbai,27.3,0.0
2025-10-06,Mumbai,31.7,0.0
2025-10-07,Mumbai,31.9,1.0
2025-10-08,Mumbai,30.9,0.0
2025-10-09,Mumbai,26.9,0.0
2025-10-10,Mumbai,28.6,0.0
2025-10-11,Mumbai,28.5,0.2
2025-10-12,Mumbai,29.2,0.0
2025-10-13,Mumbai,29.4,0.0
2025-10-14,Mumbai,26.4,0.0
2025-10-15,Mumbai,28.3,0.0
2025-10-16,Mumbai,28.6,0.0
2025-10-17,Mumbai,25.4,0.0
2025-10-18,Mumbai,33.0,0.0
2025-10-19,Mumbai,33.0,4.7
2025-10-20,Mumbai,27.9,0.0
2025-10-21,Mumbai,28.5,0.0
2025-10-22,Mumbai,28.5,1.4
2025-10-23,Mumbai,28.0,2.7
2025-10-24,Mumbai,30.6,0.0
2025-10-25,Mumbai,27.3,0.0
2025-10-26,Mumbai,31.3,0.0
2025-10-27,Mumbai,30.6,7.0
2025-10-28,Mumbai,29.3,0.0
2025-10-29,Mumbai,33.2,0.0
2025-10-30,Mumbai,31.0,0.0
2025-10-31,Mumbai,28.5,2.9
2025-11-01,Mumbai,28.8,0.0
2025-11-02,Mumbai,31.5,0.0
2025-11-03,Mumbai,27.6,0.0
2025-11-04,Mumbai,27.0,0.0
2025-11-05,Mumbai,30.8,0.0
2025-11-06,Mumbai,30.6,0.0
2025-11-07,Mumbai,27.6,0.5
2025-11-08,Mumbai,32.9,3.3
2025-11-09,Mumbai,28.2,0.0
2025-11-10,Mumbai,31.0,0.0
2025-11-11,Mumbai,29.9,0.0
2025-11-12,Mumbai,27.3,4.0
2025-11-13,Mumbai,28.7,0.0
2025-11-14,Mumbai,,0.0
2025-11-15,Mumbai,30.8,0.0
2025-11-16,Mumbai,28.9,0.0
2025-11-17,Mumbai,30.7,0.0
2025-11-18,Mumbai,27.0,5.3
2025-11-19,Mumbai,28.3,1.3
2025-11-20,Mumbai,25.9,0.0
2025-11-21,Mumbai,27.1,0.0
2025-11-22,Mumbai,30.1,0.0
2025-11-23,Mumbai,29.6,0.0
2025-11-24,Mumbai,31.2,0.0
2025-11-25,Mumbai,30.6,0.0
2025-11-26,Mumbai,28.7,0.0
2025-11-27,Mumbai,,0.0
2025-11-28,Mumbai,31.2,0.0
2025-11-29,Mumbai,28.7,0.0
2025-11-30,Mumbai,34.6,0.0
2025-12-01,Mumbai,32.0,0.0
2025-12-02,Mumbai,29.5,0.0
2025-12-03,Mumbai,28.6,1.0
2025-12-04,Mumbai,27.5,0.0
2025-12-05,Mumbai,25.9,0.7
2025-12-06,Mumbai,26.7,0.0
2025-12-07,Mumbai,27.9,0.0
2025-12-08,Mumbai,25.8,0.0
2025-12-09,Mumbai,27.3,0.0
2025-12-10,Mumbai,30.0,5.2
2025-12-11,Mumbai,25.8,0.0
2025-12-12,Mumbai,27.3,1.7
2025-12-13,Mumbai,27.1,0.0
2025-12-14,Mumbai,27.9,0.0
2025-12-15,Mumbai,25.7,0.0
2025-12-16,Mumbai,26.7,0.0
2025-12-17,Mumbai,22.9,1.1
2025-12-18,Mumbai,27.1,0.0
2025-12-19,Mumbai,28.8,3.3
2025-12-20,Mumbai,28.7,0.0
2025-12-21,Mumbai,29.5,0.2
2025-12-22,Mumbai,25.2,2.2
2025-12-23,Mumbai,27.8,0.0
2025-12-24,Mumbai,27.4,0.0
2025-12-25,Mumbai,26.6,0.9
2025-12-26,Mumbai,27.8,0.0
2025-12-27,Mumbai,27.2,0.0
2025-12-28,Mumbai,25.2,0.2
2025-12-29,Mumbai,30.3,1.1
2025-12-30,Mumbai,30.2,0.0
2025-12-31,Mumbai,24.5,0.0
2025-01-01,New York,-1.2,0.0
2025-01-02,New York,3.3,0.0
2025-01-03,New York,0.1,0.0
2025-01-04,New York,6.2,0.0
2025-01-05,New York,0.4,10.4
2025-01-06,New York,4.1,0.0
2025-01-07,New York,1.6,0.0
2025-01-08,New York,0.0,1.7
2025-01-09,New York,3.0,6.3
2025-01-10,New York,-0.6,0.0
2025-01-11,New York,1.6,0.0
2025-01-12,New York,4.9,6.6
2025-01-13,New York,1.3,0.0
2025-01-14,New York,6.5,0.2
2025-01-15,New York,4.2,0.0
2025-01-16,New York,-1.0,7.6
2025-01-17,New York,6.4,0.0
2025-01-18,New York,5.4,0.2
2025-01-19,New York,-1.9,0.0
2025-01-20,New York,1.4,0.0
2025-01-21,New York,5.8,1.5
2025-01-22,New York,1.9,0.0
2025-01-23,New York,2.2,0.0
2025-01-24,New York,0.3,0.0
2025-01-25,New York,2.2,0.0
2025-01-26,New York,3.2,0.0
2025-01-27,New York,6.1,7.2
2025-01-28,New York,0.9,0.0
2025-01-29,New York,2.6,0.0
2025-01-30,New York,5.8,0.0
2025-01-31,New York,3.5,0.0
2025-02-01,New York,-0.1,0.0
2025-02-02,New York,4.2,0.0
2025-02-03,New York,3.4,0.0
2025-02-04,New York,-0.8,6.8
2025-02-05,New York,5.5,10.3
2025-02-06,New York,0.0,0.0
2025-02-07,New York,5.3,0.0
2025-02-08,New York,3.4,8.5
2025-02-09,New York,4.4,0.0
2025-02-10,New York,0.6,0.0
2025-02-11,New York,1.6,0.0
2025-02-12,New York,3.5,0.0
2025-02-13,New York,2.1,0.0
2025-02-14,New York,1.2,3.8
2025-02-15,New York,,0.0
2025-02-16,New York,1.7,0.0
2025-02-17,New York,3.9,0.0
2025-02-18,New York,2.1,9.2
2025-02-19,New York,-2.7,0.0
2025-02-20,New York,7.5,5.5
2025-02-21,New York,4.1,0.8
2025-02-22,New York,5.4,0.0
2025-02-23,New York,0.1,8.9
2025-02-24,New York,2.0,0.0
2025-02-25,New York,4.5,0.0
2025-02-26,New York,9.2,0.5
2025-02-27,New York,5.6,2.3
2025-02-28,New York,4.0,0.0
2025-03-01,New York,5.4,0.0
2025-03-02,New York,2.1,0.0
2025-03-03,New York,3.0,4.7
2025-03-04,New York,7.1,0.0
2025-03-05,New York,5.7,0.0
2025-03-06,New York,6.1,0.0
2025-03-07,New York,8.3,0.0
2025-03-08,New York,6.4,0.0
2025-03-09,New York,2.9,0.0
2025-03-10,New York,9.6,0.0
2025-03-11,New York,7.8,0.3
2025-03-12,New York,8.8,0.0
2025-03-13,New York,5.6,0.0
2025-03-14,New York,7.9,0.0
2025-03-15,New York,10.3,1.7
2025-03-16,New York,5.9,3.1
2025-03-17,New York,9.1,0.0
2025-03-18,New York,10.5,0.0
2025-03-19,New York,11.6,0.0
2025-03-20,New York,5.4,0.0
2025-03-21,New York,5.8,0.0
2025-03-22,New York,6.5,0.0
2025-03-23,New York,8.4,1.8
2025-03-24,New York,8.3,0.0
2025-03-25,New York,9.0,1.0
2025-03-26,New York,9.9,0.0
2025-03-27,New York,7.5,2.8
2025-03-28,New York,10.5,0.0
2025-03-29,New York,7.1,0.0
2025-03-30,New York,9.2,0.0
2025-03-31,New York,6.8,0.0
2025-04-01,New York,13.4,13.8
2025-04-02,New York,4.6,0.0
2025-04-03,New York,9.2,1.7
2025-04-04,New York,7.4,0.0
2025-04-05,New York,11.9,0.0
2025-04-06,New York,12.3,0.0
2025-04-07,New York,10.6,3.8
2025-04-08,New York,9.0,4.7
2025-04-09,New York,8.3,0.0
2025-04-10,New York,9.9,8.0
2025-04-11,New York,11.9,3.5
2025-04-12,New York,14.6,0.0
2025-04-13,New York,13.2,0.6
2025-04-14,New York,14.8,0.0
2025-04-15,New York,12.5,3.5
2025-04-16,New York,12.5,0.0
2025-04-17,New York,13.8,0.5
2025-04-18,New York,13.8,0.0
2025-04-19,New York,12.0,0.0
2025-04-20,New York,15.0,0.0
2025-04-21,New York,14.5,0.0
2025-04-22,New York,12.7,0.0
2025-04-23,New York,15.3,4.4
2025-04-24,New York,13.2,0.0
2025-04-25,New York,14.1,1.4
2025-04-26,New York,13.8,1.5
2025-04-27,New York,15.0,0.0
2025-04-28,New York,16.8,4.7
2025-04-29,New York,12.6,12.2
2025-04-30,New York,16.3,0.0
2025-05-01,New York,15.1,1.1
2025-05-02,New York,14.3,0.0
2025-05-03,New York,13.5,0.0
2025-05-04,New York,17.5,0.0
2025-05-05,New York,15.6,1.8
2025-05-06,New York,17.1,0.0
2025-05-07,New York,17.4,0.0
2025-05-08,New York,20.0,0.0
2025-05-09,New York,20.1,0.0
2025-05-10,New York,19.1,0.0
2025-05-11,New York,19.4,0.0
2025-05-12,New York,22.1,0.0
2025-05-13,New York,18.7,3.4
2025-05-14,New York,19.4,0.0
2025-05-15,New York,19.4,3.8
2025-05-16,New York,17.1,0.0
2025-05-17,New York,18.7,0.0
2025-05-18,New York,19.0,3.3
2025-05-19,New York,19.3,0.0
2025-05-20,New York,19.5,4.6
2025-05-21,New York,19.1,2.1
2025-05-22,New York,20.8,0.4
2025-05-23,New York,17.2,0.0
2025-05-24,New York,20.6,0.0
2025-05-25,New York,18.3,0.3
2025-05-26,New York,15.8,0.0
2025-05-27,New York,17.1,0.0
2025-05-28,New York,20.1,0.0
2025-05-29,New York,21.8,7.3
2025-05-30,New York,19.5,0.0
2025-05-31,New York,20.4,0.0
2025-06-01,New York,21.8,0.0
2025-06-02,New York,20.2,0.0
2025-06-03,New York,22.2,0.0
2025-06-04,New York,24.1,0.0
2025-06-05,New York,,0.0
2025-06-06,New York,20.0,2.7
2025-06-07,New York,,6.4
2025-06-08,New York,25.6,0.0
2025-06-09,New York,24.2,0.0
2025-06-10,New York,24.9,0.0
2025-06-11,New York,22.7,0.0
2025-06-12,New York,21.0,14.0
2025-06-13,New York,23.7,0.0
2025-06-14,New York,20.3,8.2
2025-06-15,New York,22.0,0.0
2025-06-16,New York,23.7,0.4
2025-06-17,New York,23.2,0.0
2025-06-18,New York,21.2,7.5
2025-06-19,New York,24.0,0.0
2025-06-20,New York,22.5,1.3
2025-06-21,New York,24.5,0.0
2025-06-22,New York,22.6,0.0
2025-06-23,New York,23.1,6.6
2025-06-24,New York,21.3,0.0
2025-06-25,New York,27.1,0.0
2025-06-26,New York,26.6,0.0
2025-06-27,New York,21.9,0.0
2025-06-28,New York,22.7,10.4
2025-06-29,New York,26.1,0.3
2025-06-30,New York,21.4,14.2
2025-07-01,New York,25.8,1.5
2025-07-02,New York,25.5,0.0
2025-07-03,New York,23.0,0.0
2025-07-04,New York,26.1,0.0
2025-07-05,New York,24.7,0.0
2025-07-06,New York,24.3,0.0
2025-07-07,New York,24.7,2.3
2025-07-08,New York,24.6,0.0
2025-07-09,New York,21.9,0.0
2025-07-10,New York,24.3,10.9
2025-07-11,New York,23.8,5.4
2025-07-12,New York,23.7,0.0
2025-07-13,New York,25.1,0.0
2025-07-14,New York,23.5,6.1
2025-07-15,New York,24.5,0.0
2025-07-16,New York,25.4,12.4
2025-07-17,New York,22.7,0.0
2025-07-18,New York,24.0,4.0
2025-07-19,New York,22.4,0.0
2025-07-20,New York,23.7,0.0
2025-07-21,New York,25.7,9.9
2025-07-22,New York,25.0,0.0
2025-07-23,New York,20.6,0.0
2025-07-24,New York,22.3,3.0
2025-07-25,New York,24.8,0.0
2025-07-26,New York,18.7,5.4
2025-07-27,New York,23.1,8.4
2025-07-28,New York,21.7,0.0
2025-07-29,New York,23.8,0.0
2025-07-30,New York,19.4,3.1
2025-07-31,New York,23.0,0.0
2025-08-01,New York,23.4,0.0
2025-08-02,New York,20.0,5.9
2025-08-03,New York,24.5,0.0
2025-08-04,New York,24.2,1.1
2025-08-05,New York,24.8,0.6
2025-08-06,New York,21.2,0.0
2025-08-07,New York,23.9,0.0
2025-08-08,New York,23.0,0.0
2025-08-09,New York,24.8,0.0
2025-08-10,New York,24.4,0.0
2025-08-11,New York,21.9,0.0
2025-08-12,New York,23.1,0.0
2025-08-13,New York,24.1,1.1
2025-08-14,New York,22.5,0.0
2025-08-15,New York,24.2,0.0
2025-08-16,New York,23.3,0.0
2025-08-17,New York,22.9,0.0
2025-08-18,New York,21.3,0.0
2025-08-19,New York,20.7,0.9
2025-08-20,New York,18.2,7.1
2025-08-21,New York,18.2,0.0
2025-08-22,New York,19.3,4.8
2025-08-23,New York,22.0,0.0
2025-08-24,New York,20.3,4.2
2025-08-25,New York,21.0,4.2
2025-08-26,New York,21.9,0.9
2025-08-27,New York,16.6,7.4
2025-08-28,New York,20.8,8.1
2025-08-29,New York,25.0,7.2
2025-08-30,New York,20.8,0.0
2025-08-31,New York,19.2,0.0
2025-09-01,New York,19.8,9.2
2025-09-02,New York,18.2,0.0
2025-09-03,New York,21.0,0.0
2025-09-04,New York,24.4,0.0
2025-09-05,New York,24.1,3.2
2025-09-06,New York,16.3,1.7
2025-09-07,New York,18.9,0.0
2025-09-08,New York,21.3,0.0
2025-09-09,New York,18.6,0.0
2025-09-10,New York,23.5,8.6
2025-09-11,New York,17.3,0.0
2025-09-12,New York,20.7,0.0
2025-09-13,New York,18.4,0.0
2025-09-14,New York,17.3,0.0
2025-09-15,New York,14.6,2.9
2025-09-16,New York,18.8,0.0
2025-09-17,New York,20.1,3.4
2025-09-18,New York,19.5,3.2
2025-09-19,New York,19.6,5.1
2025-09-20,New York,18.2,2.0
2025-09-21,New York,18.2,0.0
2025-09-22,New York,20.0,0.0
2025-09-23,New York,13.4,4.1
2025-09-24,New York,19.3,6.0
2025-09-25,New York,17.1,0.0
2025-09-26,New York,14.2,8.8
2025-09-27,New York,17.2,3.0
2025-09-28,New York,12.7,2.0
2025-09-29,New York,17.7,2.8
2025-09-30,New York,15.7,2.0
2025-10-01,New York,14.1,0.0
2025-10-02,New York,19.1,1.7
2025-10-03,New York,11.6,3.6
2025-10-04,New York,18.4,0.0
2025-10-05,New York,17.0,0.0
2025-10-06,New York,12.5,0.0
2025-10-07,New York,14.2,0.0
2025-10-08,New York,12.1,2.5
2025-10-09,New York,12.1,1.9
2025-10-10,New York,19.1,0.0
2025-10-11,New York,12.2,0.0
2025-10-12,New York,14.1,11.2
2025-10-13,New York,15.5,0.0
2025-10-14,New York,12.8,0.0
2025-10-15,New York,11.9,1.6
2025-10-16,New York,13.4,0.0
2025-10-17,New York,12.9,0.0
2025-10-18,New York,10.7,0.0
2025-10-19,New York,12.7,0.0
2025-10-20,New York,10.2,3.9
2025-10-21,New York,11.4,2.2
2025-10-22,New York,12.3,0.0
2025-10-23,New York,13.9,9.8
2025-10-24,New York,10.4,0.0
2025-10-25,New York,8.8,2.2
2025-10-26,New York,11.0,3.0
2025-10-27,New York,11.8,0.0
2025-10-28,New York,12.7,0.0
2025-10-29,New York,10.6,4.9
2025-10-30,New York,8.4,0.0
2025-10-31,New York,8.1,1.5
2025-11-01,New York,7.3,0.0
2025-11-02,New York,9.9,0.0
2025-11-03,New York,7.5,0.0
2025-11-04,New York,8.5,0.0
2025-11-05,New York,11.0,5.8
2025-11-06,New York,8.2,0.0
2025-11-07,New York,9.1,3.5
2025-11-08,New York,9.1,0.8
2025-11-09,New York,6.6,4.0
2025-11-10,New York,7.3,0.0
2025-11-11,New York,9.4,0.0
2025-11-12,New York,5.7,0.0
2025-11-13,New York,10.5,0.0
2025-11-14,New York,8.9,8.6
2025-11-15,New York,9.0,0.0
2025-11-16,New York,6.6,0.0
2025-11-17,New York,5.6,1.1
2025-11-18,New York,8.2,0.0
2025-11-19,New York,11.2,0.0
2025-11-20,New York,8.5,7.2
2025-11-21,New York,5.3,2.6
2025-11-22,New York,2.8,0.0
2025-11-23,New York,5.7,0.0
2025-11-24,New York,5.2,0.0
2025-11-25,New York,3.7,0.6
2025-11-26,New York,4.5,0.0
2025-11-27,New York,8.4,0.0
2025-11-28,New York,4.1,0.0
2025-11-29,New York,5.9,0.0
2025-11-30,New York,7.5,0.0
2025-12-01,New York,7.1,3.6
2025-12-02,New York,6.6,3.3
2025-12-03,New York,2.8,0.0
2025-12-04,New York,5.8,0.3
2025-12-05,New York,0.3,0.0
2025-12-06,New York,2.0,0.7
2025-12-07,New York,5.7,9.2
2025-12-08,New York,6.0,6.2
2025-12-09,New York,6.0,0.0
2025-12-10,New York,4.4,0.0
2025-12-11,New York,5.3,0.0
2025-12-12,New York,3.1,0.0
2025-12-13,New York,1.4,0.0
2025-12-14,New York,4.1,0.0
2025-12-15,New York,6.2,1.6
2025-12-16,New York,6.9,0.0
2025-12-17,New York,4.5,0.0
2025-12-18,New York,0.5,5.5
2025-12-19,New York,3.5,7.4
2025-12-20,New York,2.8,0.0
2025-12-21,New York,1.7,5.1
2025-12-22,New York,3.3,4.3
2025-12-23,New York,1.2,0.4
2025-12-24,New York,2.2,0.0
2025-12-25,New York,4.5,5.3
2025-12-26,New York,0.2,0.0
2025-12-27,New York,4.3,0.0
2025-12-28,New York,1.5,0.0
2025-12-29,New York,3.0,0.0
2025-12-30,New York,6.0,0.0
2025-12-31,New York,1.1,2.0
