day,temperature_c,energy_kwh
1,25.4,248.0
2,14.6,195.4
3,22.6,199.4
4,7.7,291.4
5,13.1,169.1
6,12.9,207.5
7,19.4,200.0
8,4.0,312.0
9,11.6,245.0
10,21.1,215.7
11,29.2,278.7
12,-3.7,411.0
13,25.8,235.7
14,5.1,306.0
15,11.1,230.4
16,9.6,257.6
17,18.3,200.7
18,10.7,240.5
19,2.5,355.2
20,-0.5,357.0
21,31.8,371.8
22,-1.4,415.3
23,3.5,312.7
24,13.3,239.3
25,4.0,302.8
26,16.3,235.0
27,24.5,276.3
28,7.2,264.6
29,-0.5,367.8
30,16.3,212.7
31,27.0,230.5
32,10.5,261.1
33,4.6,312.6
34,9.5,214.3
35,24.4,199.2
36,-3.2,449.6
37,8.9,238.5
38,9.1,260.8
39,9.8,198.7
40,-3.9,446.8
