fruit_id,width_cm,height_cm,weight_g,fruit
1,6.7,7.3,122,lemon
2,8.8,7.2,195,orange
3,7.3,6.6,140,apple
4,7.5,8.0,190,orange
5,5.2,9.2,101,lemon
6,7.1,7.2,162,apple
7,7.6,8.7,209,orange
8,7.2,8.1,192,orange
9,6.9,6.9,139,apple
10,7.8,7.3,180,orange
11,7.3,6.6,138,orange
12,7.1,7.4,170,orange
13,7.1,6.8,159,apple
14,6.1,8.8,132,lemon
15,7.1,7.3,156,apple
16,7.9,9.0,217,orange
17,5.7,9.2,129,lemon
18,5.8,8.1,109,lemon
19,7.5,6.9,182,apple
20,6.9,7.2,135,apple
21,8.1,7.6,200,orange
22,6.0,9.5,137,lemon
23,8.6,6.8,199,orange
24,6.1,8.7,126,lemon
25,6.0,8.5,106,lemon
26,5.8,7.8,106,lemon
27,7.2,7.5,161,orange
28,7.2,7.9,187,orange
29,6.2,8.4,115,lemon
30,6.3,8.2,115,lemon
31,5.8,7.5,103,lemon
32,7.8,7.3,175,orange
33,7.8,7.0,157,apple
34,6.0,8.7,116,lemon
35,7.1,7.4,162,orange
36,7.9,7.5,188,apple
37,8.1,6.8,168,apple
38,7.4,7.2,177,apple
39,7.8,7.4,178,apple
40,5.9,8.3,112,lemon
41,5.9,8.0,122,lemon
42,7.7,7.5,179,orange
43,5.7,8.2,94,lemon
44,5.4,8.2,84,lemon
45,6.8,8.0,182,orange
46,8.0,6.5,172,apple
47,7.3,7.3,167,orange
48,7.7,7.1,198,orange
49,5.5,9.2,109,lemon
50,7.5,6.3,160,apple
51,7.9,6.0,155,apple
52,7.6,7.4,170,apple
53,6.8,8.8,135,lemon
54,7.4,7.0,161,apple
55,5.5,7.9,93,lemon
56,7.6,7.4,171,orange
57,7.7,7.2,176,orange
58,8.2,8.0,217,orange
59,7.6,6.9,144,apple
60,7.6,7.2,162,apple
61,7.8,6.7,159,apple
62,7.3,6.8,149,orange
63,5.7,7.9,111,lemon
64,8.3,7.0,177,orange
65,7.3,8.4,203,orange
66,7.1,7.0,153,apple
67,5.7,7.7,105,lemon
68,7.1,6.9,151,apple
69,7.4,7.2,164,apple
70,5.8,8.3,101,lemon
71,6.3,9.2,128,lemon
72,7.6,7.0,171,apple
73,6.3,8.6,126,lemon
74,8.2,6.2,162,apple
75,7.1,7.4,172,orange
76,6.5,8.7,125,lemon
77,7.3,7.6,182,orange
78,7.6,7.4,179,apple
79,7.9,7.5,180,orange
80,6.9,6.8,157,apple
81,5.7,8.8,104,lemon
82,5.2,8.9,106,lemon
83,7.3,6.8,163,orange
84,7.1,7.4,157,apple
85,7.4,6.7,159,apple
86,8.1,8.2,224,orange
87,6.1,9.2,149,lemon
88,7.2,6.6,157,apple
89,5.6,8.4,119,lemon
90,5.6,8.1,98,lemon
91,7.9,7.8,187,orange
92,7.5,7.0,167,apple
93,9.0,8.1,237,orange
94,7.8,7.1,183,apple
95,5.7,7.2,96,lemon
96,5.8,8.2,100,lemon
97,7.8,6.2,167,apple
98,6.8,7.7,177,apple
99,5.9,7.9,104,lemon
100,7.7,7.5,178,orange
101,6.2,8.5,107,lemon
102,6.4,9.0,129,lemon
103,7.6,7.6,176,orange
104,7.8,7.0,156,apple
105,7.0,7.1,154,apple
106,5.6,8.8,99,lemon
107,7.3,6.8,170,apple
108,7.3,6.8,150,apple
109,7.5,7.7,181,orange
110,5.8,7.3,89,lemon
111,5.2,9.2,139,lemon
112,8.2,7.4,206,orange
113,8.3,7.8,215,orange
114,7.9,7.7,197,apple
115,5.9,8.1,99,lemon
116,6.9,7.8,168,apple
117,6.7,6.6,159,apple
118,7.9,7.9,208,orange
119,7.2,8.0,172,orange
120,6.2,8.5,123,lemon
121,7.6,6.3,131,apple
122,6.4,7.5,152,orange
123,7.4,7.0,158,orange
124,5.9,7.5,99,lemon
125,5.7,8.6,119,lemon
126,8.5,8.4,219,orange
127,5.8,7.8,91,lemon
128,7.0,7.1,157,apple
129,7.8,7.9,204,orange
130,7.9,8.0,206,orange
131,7.9,6.5,167,apple
132,8.2,7.2,191,apple
133,7.7,7.1,181,apple
134,7.8,7.1,159,orange
135,8.2,6.9,181,orange
136,7.4,6.4,147,apple
137,6.2,8.3,115,lemon
138,5.1,8.4,93,lemon
139,7.9,7.0,193,orange
140,6.1,8.3,107,lemon
141,7.0,6.9,155,apple
142,5.6,9.2,133,lemon
143,7.5,8.3,193,orange
144,8.8,8.0,222,orange
145,7.4,7.3,181,apple
146,5.8,8.1,108,lemon
147,8.2,8.1,223,orange
148,6.1,8.8,120,lemon
149,7.5,8.3,197,orange
150,6.8,7.6,157,apple
