customer_id,annual_income_k,spending_score,age,visits_per_month
1,25,40,45,2
2,37,16,64,0
3,84,77,39,10
4,88,24,37,0
5,84,14,42,0
6,43,55,54,5
7,87,16,38,1
8,26,24,45,3
9,57,38,42,4
10,52,44,50,6
11,81,16,55,3
12,61,46,35,5
13,23,87,18,10
14,85,18,46,4
15,81,72,35,8
16,92,26,46,0
17,60,44,44,7
18,31,81,31,7
19,36,27,43,3
20,32,19,40,2
21,22,68,33,10
22,74,77,33,8
23,30,77,24,10
24,24,91,31,7
25,87,34,54,3
26,99,81,39,9
27,53,61,49,6
28,51,41,35,5
29,51,47,32,6
30,63,45,39,6
31,25,37,45,3
32,28,30,49,3
33,95,85,24,8
34,27,84,33,12
35,28,33,46,5
36,98,14,42,3
37,27,80,24,11
38,69,49,38,4
39,35,26,44,3
40,82,86,30,11
41,81,76,33,11
42,60,47,37,6
43,96,84,38,8
44,13,70,34,9
45,32,32,47,3
46,98,25,46,2
47,53,50,40,4
48,49,59,43,3
49,26,79,27,8
50,93,85,30,7
51,26,77,23,11
52,52,35,36,4
53,49,45,39,6
54,52,48,39,5
55,56,36,38,4
56,43,38,37,3
57,29,69,27,9
58,27,71,18,11
59,101,8,47,0
60,84,76,23,7
61,47,46,47,8
62,51,53,35,7
63,47,66,51,4
64,55,58,45,3
65,21,21,44,4
66,67,46,47,6
67,91,21,45,1
68,21,84,18,8
69,91,73,25,8
70,47,51,46,5
71,19,72,24,8
72,47,52,43,4
73,54,56,43,3
74,86,23,37,1
75,60,44,37,4
76,87,81,38,7
77,96,14,49,2
78,29,70,24,6
79,82,81,31,8
80,49,51,44,5
81,21,73,19,7
82,22,33,33,3
83,24,88,41,8
84,55,59,37,6
85,53,59,40,5
86,85,85,38,8
87,29,21,40,3
88,24,26,46,5
89,91,87,36,10
90,26,80,28,11
91,88,10,45,2
92,108,9,62,1
93,88,77,39,4
94,46,52,41,6
95,94,87,32,6
96,18,22,39,5
97,91,79,34,8
98,89,17,53,3
99,88,84,29,10
100,35,16,62,3
101,27,82,23,8
102,27,23,53,1
103,26,27,43,1
104,59,49,31,5
105,57,49,38,4
106,28,70,29,9
107,14,82,18,10
108,51,47,43,5
109,12,13,63,1
110,31,14,45,4
111,47,50,42,6
112,87,75,27,7
113,44,50,45,6
114,13,68,31,11
115,54,61,37,5
116,16,78,18,8
117,37,21,45,1
118,64,37,44,8
119,98,21,46,4
120,50,35,34,7
121,73,80,37,8
122,32,78,29,10
123,85,88,45,5
124,23,77,33,11
125,24,83,19,8
126,30,28,44,3
127,92,10,35,2
128,29,23,56,2
129,84,26,48,2
130,96,21,52,3
131,49,49,34,4
132,13,19,39,3
133,94,17,48,0
134,34,26,46,4
135,86,11,42,4
136,34,38,46,4
137,89,10,48,0
138,26,17,44,3
139,51,69,42,6
140,57,46,51,6
141,87,90,24,7
142,52,46,29,4
143,46,45,32,5
144,38,37,42,8
145,93,99,31,8
146,46,44,34,4
147,50,52,40,5
148,22,87,20,12
149,56,53,34,3
150,87,87,33,10
151,58,58,41,7
152,39,74,26,10
153,96,16,47,1
154,14,26,46,2
155,95,16,49,1
156,34,68,18,12
157,49,52,22,3
158,97,27,52,2
159,29,15,38,5
160,55,43,43,6
161,21,84,27,8
162,33,25,41,5
163,63,59,44,4
164,58,43,37,3
165,20,75,25,9
166,29,86,26,10
167,22,17,35,3
168,96,12,48,2
169,83,21,49,4
170,80,80,36,10
171,53,47,37,6
172,50,54,36,4
173,52,44,44,2
174,25,23,51,1
175,62,62,46,6
176,61,48,46,6
177,24,14,38,1
178,28,76,18,11
179,27,16,47,0
180,94,82,25,10
181,51,54,50,6
182,25,68,26,11
183,80,72,39,8
184,83,86,35,9
185,58,47,45,4
186,86,30,49,1
187,94,61,37,6
188,97,96,34,7
189,62,43,33,6
190,81,76,33,6
191,88,83,31,9
192,92,78,35,7
193,51,60,44,3
194,91,92,33,12
195,38,73,31,10
196,29,81,33,9
197,93,15,49,2
198,57,42,42,4
199,81,73,48,11
200,42,42,54,6
